experiment_id,target_id,target_column,model_id,model_label,combination_id,branches,branch_count,feature_count,oof_folds,rows,groups,records,complete_case_rows,balanced_accuracy_group_bootstrap_ci_low,balanced_accuracy_group_bootstrap_ci_high,class_0,class_1,prevalence,accuracy,balanced_accuracy,f1,precision,npv,recall_sensitivity,specificity,false_positive_rate,false_negative_rate,mcc,tn,fp,fn,tp,errors,roc_auc,average_precision,group_macro_accuracy,group_macro_sensitivity,group_macro_specificity,group_macro_balanced_accuracy,groups_with_positive_cases,groups_with_negative_cases,rank_within_target
abnormal_beat__B1+B2+B3__hist_gradient_boosting,abnormal_beat,target_abnormal_beat_binary,hist_gradient_boosting,Histogram gradient boosting,B1+B2+B3,B1+B2+B3,3,44,5,15651,48,72,5047,0.7231836249737922,0.8703426638729354,12499,3152,0.20139288224394608,0.8612868187336272,0.8005767491856202,0.6699102934468603,0.6432116788321168,0.9223785375429413,0.6989213197969543,0.902232178574286,0.09776782142571405,0.3010786802030457,0.5831007950761282,11277,1222,949,2203,2171,0.9013395944772029,0.757509901546008,0.8332765598682469,0.7128690452362478,0.8866130589223689,0.7997410520793083,42,46,1
abnormal_beat__B1+B3__hist_gradient_boosting,abnormal_beat,target_abnormal_beat_binary,hist_gradient_boosting,Histogram gradient boosting,B1+B3,B1+B3,2,28,5,15651,48,72,5047,0.7000910356606506,0.863514125514544,12499,3152,0.20139288224394608,0.847996933103316,0.7864433977053189,0.6442350829968596,0.6093352192362094,0.9176295807197095,0.6833756345177665,0.8895111608928714,0.11048883910712858,0.3166243654822335,0.549446244450678,11118,1381,998,2154,2379,0.8620189742082919,0.6750904438303551,0.8373021515725915,0.7253273710998216,0.8735376531577544,0.799432512128788,42,46,2
abnormal_beat__B2+B3+B4__hist_gradient_boosting,abnormal_beat,target_abnormal_beat_binary,hist_gradient_boosting,Histogram gradient boosting,B2+B3+B4,B2+B3+B4,3,37,5,15651,48,72,8408,0.7358634588706078,0.8634073798117032,12499,3152,0.20139288224394608,0.872212638170085,0.8070614177052946,0.6875,0.6773399014778325,0.9232443763605579,0.6979695431472082,0.916153292263381,0.08384670773661893,0.3020304568527919,0.6073158318446288,11451,1048,952,2200,2000,0.8960817373004054,0.7799675582979411,0.8426144960973835,0.6993319495768601,0.8949696378503901,0.7971507937136251,42,46,3
abnormal_beat__B1+B2+B3+B4__logistic_regression,abnormal_beat,target_abnormal_beat_binary,logistic_regression,Regularized logistic regression,B1+B2+B3+B4,B1+B2+B3+B4,4,52,5,15651,48,72,5042,0.7184201538688835,0.8712733372832792,12499,3152,0.20139288224394608,0.8454411858667178,0.8001460548315946,0.6536864710093057,0.5956170101747978,0.9264680995092233,0.7243020304568528,0.8759900792063365,0.12400992079366349,0.2756979695431472,0.559824590310178,10949,1550,869,2283,2419,0.8387947177906212,0.6120156277714388,0.8306505648824626,0.7694402466425443,0.819160411596158,0.7943003291193511,42,46,4
abnormal_beat__B1+B2+B3__extra_trees,abnormal_beat,target_abnormal_beat_binary,extra_trees,Extremely randomized trees,B1+B2+B3,B1+B2+B3,3,44,5,15651,48,72,5047,0.7097189025633556,0.8584152397157565,12499,3152,0.20139288224394608,0.8832662449683726,0.7896635918690754,0.6859205776173285,0.7485928705440901,0.9109040505159403,0.6329314720812182,0.9463957116569326,0.05360428834306744,0.36706852791878175,0.6181136578022597,11829,670,1157,1995,1827,0.8945834194654355,0.7634680828596228,0.8747740845231778,0.6497124426526573,0.9385401584855356,0.7941263005690964,42,46,5
abnormal_beat__B1+B2+B3+B4__linear_svm,abnormal_beat,target_abnormal_beat_binary,linear_svm,Linear support-vector machine,B1+B2+B3+B4,B1+B2+B3+B4,4,52,5,15651,48,72,5042,0.7176215046779688,0.8667527115467555,12499,3152,0.20139288224394608,0.8475496773369113,0.8015847866814116,0.6568881219442048,0.6007364544976328,0.926744872985062,0.7246192893401016,0.8785502840227218,0.12144971597727819,0.2753807106598985,0.5640573439417245,10981,1518,868,2284,2386,0.8388421327513308,0.6175544307130799,0.8332137074707088,0.7622646577373667,0.8219513183493096,0.7921079880433382,42,46,6
abnormal_beat__B2+B3__extra_trees,abnormal_beat,target_abnormal_beat_binary,extra_trees,Extremely randomized trees,B2+B3,B2+B3,2,29,5,15651,48,72,8413,0.7063458367102879,0.8619297808477564,12499,3152,0.20139288224394608,0.8750239601303431,0.7839100478292071,0.6704851752021563,0.7147988505747126,0.9096914587704982,0.6313451776649747,0.9364749179934395,0.06352508200656053,0.3686548223350254,0.5954814415161486,11705,794,1162,1990,1956,0.8880648776775237,0.7412759532425444,0.8625921158895652,0.660370853174937,0.9214775824228808,0.7909242177989089,42,46,7
abnormal_beat__B1+B3+B4__hist_gradient_boosting,abnormal_beat,target_abnormal_beat_binary,hist_gradient_boosting,Histogram gradient boosting,B1+B3+B4,B1+B3+B4,3,36,5,15651,48,72,5042,0.695559872977645,0.8586563912944446,12499,3152,0.20139288224394608,0.840521372436266,0.7823561544822063,0.6336953331376578,0.5895685417804478,0.9171740762365501,0.6849619289340102,0.8797503800304024,0.12024961996959757,0.31503807106598986,0.5349427949519933,10996,1503,993,2159,2496,0.8613982519616797,0.6700734839005194,0.8287453767581857,0.7172110951838596,0.860678572166741,0.7889448336753003,42,46,8
abnormal_beat__B1+B3+B4__logistic_regression,abnormal_beat,target_abnormal_beat_binary,logistic_regression,Regularized logistic regression,B1+B3+B4,B1+B3+B4,3,36,5,15651,48,72,5042,0.7043874284627524,0.8662970273843875,12499,3152,0.20139288224394608,0.8341320043447703,0.7947262557654359,0.63894297635605,0.5688459633481922,0.9263756135365538,0.728743654822335,0.8607088567085367,0.1392911432914633,0.27125634517766495,0.5402865927070486,10758,1741,855,2297,2596,0.8379244705058638,0.6136110621361334,0.8183273517063162,0.7698466821583377,0.8060628150262851,0.7879547485923114,42,46,9
abnormal_beat__B1+B2+B3+B4__hist_gradient_boosting,abnormal_beat,target_abnormal_beat_binary,hist_gradient_boosting,Histogram gradient boosting,B1+B2+B3+B4,B1+B2+B3+B4,4,52,5,15651,48,72,5042,0.7281161676931465,0.8724871088226662,12499,3152,0.20139288224394608,0.8659510574404191,0.8068185175626232,0.6801829268292683,0.6546361502347418,0.9247733398676795,0.7078045685279187,0.9058324665973277,0.09416753340267221,0.2921954314720812,0.596277721896333,11322,1177,921,2231,2098,0.9077767845793145,0.7830407576489394,0.8364700002430562,0.7112848111249487,0.864410986553482,0.7878478988392154,42,46,10
abnormal_beat__B1+B3+B4__extra_trees,abnormal_beat,target_abnormal_beat_binary,extra_trees,Extremely randomized trees,B1+B3+B4,B1+B3+B4,3,36,5,15651,48,72,5042,0.6864661050152739,0.8521266319254145,12499,3152,0.20139288224394608,0.8713820203181906,0.7764103107944067,0.6591024555461473,0.7068652379222666,0.906497131338192,0.6173857868020305,0.9354348347867829,0.06456516521321706,0.38261421319796957,0.5823052174193135,11692,807,1206,1946,2013,0.8830123161121924,0.7465197931311603,0.8613773906412806,0.6476865733857412,0.9259860641527015,0.7868363187692213,42,46,11
abnormal_beat__B1+B3__logistic_regression,abnormal_beat,target_abnormal_beat_binary,logistic_regression,Regularized logistic regression,B1+B3,B1+B3,2,28,5,15651,48,72,5047,0.6924668316539568,0.8624026872111962,12499,3152,0.20139288224394608,0.8213532681617788,0.785064848335075,0.6202118989405053,0.5422802850356294,0.924045100952714,0.7243020304568528,0.8458276662132971,0.15417233378670295,0.2756979695431472,0.5156219068882981,10572,1927,869,2283,2796,0.8327997965725582,0.607382711784408,0.8022554228897251,0.778582521657852,0.7938662439291887,0.7862243827935204,42,46,12
abnormal_beat__B1+B2+B3+B4__extra_trees,abnormal_beat,target_abnormal_beat_binary,extra_trees,Extremely randomized trees,B1+B2+B3+B4,B1+B2+B3+B4,4,52,5,15651,48,72,5042,0.7081766848565251,0.8661627156516061,12499,3152,0.20139288224394608,0.8920196792537218,0.7919411217872049,0.6996089584073942,0.7954729183508489,0.9101464673294376,0.6243654822335025,0.9595167613409072,0.04048323865909273,0.3756345177664975,0.6418711942598784,11993,506,1184,1968,1690,0.8997013542809313,0.7755636746818174,0.8791160518592799,0.6236971372837546,0.9478996108287552,0.7857983740562549,42,46,13
abnormal_beat__B1+B3__extra_trees,abnormal_beat,target_abnormal_beat_binary,extra_trees,Extremely randomized trees,B1+B3,B1+B3,2,28,5,15651,48,72,5047,0.6903519201232032,0.8435485524410548,12499,3152,0.20139288224394608,0.8592422209443487,0.7742665098487067,0.6439308226927428,0.656342668863262,0.9080532656943564,0.631979695431472,0.9165533242659413,0.08344667573405873,0.3680203045685279,0.5564079495189065,11456,1043,1160,1992,2203,0.8785333283515474,0.7300375050579365,0.8518495745768652,0.6589702348121437,0.9093720789074183,0.784171156859781,42,46,14
abnormal_beat__B1+B2+B3__random_forest,abnormal_beat,target_abnormal_beat_binary,random_forest,Random forest,B1+B2+B3,B1+B2+B3,3,44,5,15651,48,72,5047,0.6883891408591941,0.8463253681572546,12499,3152,0.20139288224394608,0.8748961727685132,0.7703066499127037,0.657092819614711,0.7333854573885848,0.9025433437714809,0.5951776649746193,0.9454356348507881,0.05456436514921194,0.40482233502538073,0.5863374179166451,11817,682,1276,1876,1958,0.8944727760961994,0.738475379267365,0.8486644324781182,0.6285213410325131,0.9380498571601796,0.7832855990963463,42,46,15
abnormal_beat__B1+B3+B4__linear_svm,abnormal_beat,target_abnormal_beat_binary,linear_svm,Linear support-vector machine,B1+B3+B4,B1+B3+B4,3,36,5,15651,48,72,5042,0.7128809231826476,0.8673054103684553,12499,3152,0.20139288224394608,0.8363043894958788,0.7960863645741405,0.6419787590832867,0.5736763236763237,0.9265905383360522,0.728743654822335,0.8634290743259461,0.13657092567405393,0.27125634517766495,0.5442833756236866,10792,1707,855,2297,2562,0.8395449300918694,0.6233909685340755,0.8192486830750892,0.7589471301065115,0.8066496532754605,0.782798391690986,42,46,16
abnormal_beat__B2+B3+B4__extra_trees,abnormal_beat,target_abnormal_beat_binary,extra_trees,Extremely randomized trees,B2+B3+B4,B2+B3+B4,3,37,5,15651,48,72,8408,0.6975004954274625,0.8559221361826758,12499,3152,0.20139288224394608,0.8824995207973931,0.7812355952943241,0.6770851624231782,0.7581596539520251,0.9066219102837961,0.6116751269035533,0.9507960636850948,0.049203936314905196,0.3883248730964467,0.6114903743454235,11884,615,1224,1928,1839,0.8785985112311523,0.7433920599241624,0.8711202213232804,0.6495373770787299,0.9130270535012907,0.7812822152900103,42,46,17
abnormal_beat__B1+B2+B3__logistic_regression,abnormal_beat,target_abnormal_beat_binary,logistic_regression,Regularized logistic regression,B1+B2+B3,B1+B2+B3,3,44,5,15651,48,72,5047,0.712981217881565,0.8665392075688557,12499,3152,0.20139288224394608,0.8334291738547057,0.7961842404245132,0.6395686437163003,0.5667728497917177,0.9274848746758859,0.7338197969543148,0.8585486838947116,0.1414513161052884,0.2661802030456853,0.5410939820315608,10731,1768,839,2313,2607,0.8330783975408389,0.6111548911710937,0.8157677249000462,0.7583037343006234,0.803270800075421,0.7807872671880222,42,46,18
abnormal_beat__B2+B3__linear_svm,abnormal_beat,target_abnormal_beat_binary,linear_svm,Linear support-vector machine,B2+B3,B2+B3,2,29,5,15651,48,72,8413,0.7417493695893473,0.8695855423365728,12499,3152,0.20139288224394608,0.8445466743339084,0.8072967157169528,0.6587179127507364,0.5903947699270807,0.9311290046256638,0.7449238578680203,0.8696695735658853,0.13033042643411472,0.2550761421319797,0.5661493497097155,10870,1629,804,2348,2433,0.857647342751887,0.6603048402383626,0.8289637098825029,0.7461945071050156,0.8149489280182418,0.7805717175616287,42,46,19
abnormal_beat__B1+B3__linear_svm,abnormal_beat,target_abnormal_beat_binary,linear_svm,Linear support-vector machine,B1+B3,B1+B3,2,28,5,15651,48,72,5047,0.6924560264553504,0.8608829685308785,12499,3152,0.20139288224394608,0.8239090153983771,0.7847669564834222,0.6219478737997256,0.5478492025132915,0.9231303743594198,0.7192258883248731,0.8503080246419713,0.14969197535802864,0.2807741116751269,0.5179177940018898,10628,1871,885,2267,2756,0.8316077468938632,0.6129408664079239,0.8038738554375654,0.7608927626657676,0.796833482134045,0.7788631223999063,42,46,20
abnormal_beat__B2+B3__logistic_regression,abnormal_beat,target_abnormal_beat_binary,logistic_regression,Regularized logistic regression,B2+B3,B2+B3,2,29,5,15651,48,72,8413,0.7407228270123122,0.8666964157187885,12499,3152,0.20139288224394608,0.8398824356271165,0.8076980168565769,0.6547258197850647,0.5786653677545056,0.932784755305327,0.7538071065989848,0.8615889271141691,0.13841107288583088,0.24619289340101522,0.5610208348832737,10769,1730,776,2376,2506,0.8603362888320406,0.6527710672167922,0.8227835970350474,0.7515156973923646,0.8059676948572811,0.7787416961248228,42,46,21
abnormal_beat__B1+B2+B3+B4__random_forest,abnormal_beat,target_abnormal_beat_binary,random_forest,Random forest,B1+B2+B3+B4,B1+B2+B3+B4,4,52,5,15651,48,72,5042,0.6846853705991264,0.8431664098993997,12499,3152,0.20139288224394608,0.8787936873043256,0.7706115727836906,0.6620345626224835,0.7549776513612353,0.9018953752843063,0.5894670050761421,0.9517561404912392,0.0482438595087607,0.41053299492385786,0.5962506903303898,11896,603,1294,1858,1897,0.8972806276278751,0.7559980815738379,0.8534491895186457,0.6118517974462405,0.9430909285063354,0.7774713629762879,42,46,22
abnormal_beat__B1+B2__hist_gradient_boosting,abnormal_beat,target_abnormal_beat_binary,hist_gradient_boosting,Histogram gradient boosting,B1+B2,B1+B2,2,31,5,15651,48,72,7492,0.6713476334109225,0.8322710995616238,12499,3152,0.20139288224394608,0.825506357421251,0.7486370229415307,0.5886428679017924,0.5603670777172355,0.9015126603091088,0.6199238578680203,0.8773501880150412,0.12264981198495879,0.3800761421319797,0.47925025408419847,10966,1533,1198,1954,2731,0.8755434952562703,0.69750625646302,0.7961618585632898,0.6767284497842275,0.8763840693944757,0.7765562595893516,42,46,23
abnormal_beat__B2+B3+B4__logistic_regression,abnormal_beat,target_abnormal_beat_binary,logistic_regression,Regularized logistic regression,B2+B3+B4,B2+B3+B4,3,37,5,15651,48,72,8408,0.7331589957375421,0.8596832436187518,12499,3152,0.20139288224394608,0.8445466743339084,0.7997046362693787,0.6524782173975147,0.5934008833463237,0.9264531435349941,0.7246192893401016,0.8747899831986559,0.1252100168013441,0.2753807106598985,0.5582161983311433,10934,1565,868,2284,2433,0.8524134468828573,0.6447716287497794,0.8314158774413999,0.7319359031390918,0.8197499512270625,0.7758429271830771,42,46,24
abnormal_beat__B2+B3__hist_gradient_boosting,abnormal_beat,target_abnormal_beat_binary,hist_gradient_boosting,Histogram gradient boosting,B2+B3,B2+B3,2,29,5,15651,48,72,8413,0.7319527689312926,0.8667678507990185,12499,3152,0.20139288224394608,0.8663983132068238,0.8041328839302068,0.6784560971859142,0.6583109519546404,0.923089430894309,0.6998730964467005,0.908392671413713,0.09160732858628691,0.3001269035532995,0.5946813855401517,11354,1145,946,2206,2091,0.8981362925277676,0.7618183243637072,0.8330201979558646,0.688423980334596,0.8631714863914403,0.7757977333630182,42,46,25
abnormal_beat__B2+B3+B4__random_forest,abnormal_beat,target_abnormal_beat_binary,random_forest,Random forest,B2+B3+B4,B2+B3+B4,3,37,5,15651,48,72,8408,0.7020416802682664,0.852026904894095,12499,3152,0.20139288224394608,0.8948948948948949,0.7823531466273648,0.694748561885322,0.8368350469378633,0.9045773072908901,0.5939086294416244,0.9707976638131051,0.029202336186894953,0.40609137055837563,0.6470550380993735,12134,365,1280,1872,1645,0.8891151901289158,0.7758081091389851,0.8743371912767884,0.5866608599538374,0.9643072625584496,0.7754840612561436,42,46,26
abnormal_beat__B1+B2+B3__linear_svm,abnormal_beat,target_abnormal_beat_binary,linear_svm,Linear support-vector machine,B1+B2+B3,B1+B2+B3,3,44,5,15651,48,72,5047,0.7130907814177383,0.8709463094117924,12499,3152,0.20139288224394608,0.8382211999233276,0.7979982180300312,0.6452787895769123,0.5777722027094832,0.9272181740248607,0.7306472081218274,0.8653492279382351,0.13465077206176493,0.26935279187817257,0.5486095740855215,10816,1683,849,2303,2532,0.832555487687746,0.6148593748283978,0.8220600509454589,0.7373229824714743,0.8108481838411442,0.7740855831563093,42,46,27
abnormal_beat__B3__extra_trees,abnormal_beat,target_abnormal_beat_binary,extra_trees,Extremely randomized trees,B3,B3,1,13,5,15651,48,72,8960,0.6879763887368977,0.8378060240229829,12499,3152,0.20139288224394608,0.8288288288288288,0.769341509249674,0.6117953919721779,0.5630834889303814,0.912535708284322,0.6697335025380711,0.8689495159612769,0.1310504840387231,0.33026649746192893,0.5061699169368455,10861,1638,1041,2111,2679,0.8647338614500328,0.6832593109749696,0.8258970558757642,0.6925536111345526,0.8546153087950588,0.7735844599648056,42,46,28
abnormal_beat__B1+B2__extra_trees,abnormal_beat,target_abnormal_beat_binary,extra_trees,Extremely randomized trees,B1+B2,B1+B2,2,31,5,15651,48,72,7492,0.6762932524600677,0.8269020314791388,12499,3152,0.20139288224394608,0.8643537154175452,0.7545719012850978,0.6289110295402902,0.7002724795640327,0.8965754471793304,0.570748730964467,0.9383950716057284,0.06160492839427154,0.429251269035533,0.5512544085794265,11729,770,1353,1799,2123,0.8818738494003378,0.7068797592678775,0.8405119381117725,0.6121260113873755,0.9341512603791852,0.7731386358832804,42,46,29
abnormal_beat__B3__hist_gradient_boosting,abnormal_beat,target_abnormal_beat_binary,hist_gradient_boosting,Histogram gradient boosting,B3,B3,1,13,5,15651,48,72,8960,0.6927099248560229,0.8385268265556451,12499,3152,0.20139288224394608,0.8123442591527698,0.7679176516862466,0.5981666438637296,0.5258599951888381,0.9159561510353228,0.6935279187817259,0.8423073845907673,0.15769261540923274,0.30647208121827413,0.48656005667018026,10528,1971,966,2186,2937,0.862708940573114,0.704914879396301,0.8073921546653112,0.7450217822794146,0.80042895538096,0.7727253688301874,42,46,30
abnormal_beat__B2+B3__random_forest,abnormal_beat,target_abnormal_beat_binary,random_forest,Random forest,B2+B3,B2+B3,2,29,5,15651,48,72,8413,0.6764568812722326,0.8429391325249125,12499,3152,0.20139288224394608,0.8846719059485016,0.7700213225179842,0.6687465590016517,0.7932085328689595,0.9004043732215067,0.5780456852791879,0.9619969597567806,0.03800304024321946,0.4219543147208122,0.6120298591050767,12024,475,1330,1822,1805,0.8861290882966069,0.7490764694528438,0.8578021669571824,0.5888277148646149,0.9528147628730396,0.7708212388688273,42,46,31
abnormal_beat__B1+B3__random_forest,abnormal_beat,target_abnormal_beat_binary,random_forest,Random forest,B1+B3,B1+B3,2,28,5,15651,48,72,5047,0.6749761004447743,0.8373278635269689,12499,3152,0.20139288224394608,0.8553447064085362,0.7636411039786737,0.6294599018003273,0.6501014198782962,0.9031749783345151,0.6100888324873096,0.9171933754700377,0.0828066245299624,0.38991116751269034,0.5401229497626809,11464,1035,1229,1923,2264,0.8730939211177503,0.6916511929776546,0.8383466588987227,0.6335465859640059,0.9076690410263717,0.7706078134951888,42,46,32
abnormal_beat__B1+B2+B4__logistic_regression,abnormal_beat,target_abnormal_beat_binary,logistic_regression,Regularized logistic regression,B1+B2+B4,B1+B2+B4,3,39,5,15651,48,72,7487,0.6978950579767446,0.8269565451728454,12499,3152,0.20139288224394608,0.8181585841160309,0.7677619031857574,0.6021805982667039,0.5382308845577212,0.9143274100781182,0.6833756345177665,0.8521481718537482,0.1478518281462517,0.3166243654822335,0.49229639501867795,10651,1848,998,2154,2846,0.815474628833251,0.5609801127450105,0.7940792768951287,0.743340483273242,0.7966721090779763,0.7700062961756091,42,46,33
abnormal_beat__B2+B3+B4__linear_svm,abnormal_beat,target_abnormal_beat_binary,linear_svm,Linear support-vector machine,B2+B3+B4,B2+B3+B4,3,37,5,15651,48,72,8408,0.7310743643615569,0.8636795946750045,12499,3152,0.20139288224394608,0.8477413583796563,0.7992136452134444,0.6550875669416703,0.6023422943838169,0.9252564318143602,0.7179568527918782,0.8804704376350108,0.1195295623649892,0.28204314720812185,0.561898101217163,11005,1494,889,2263,2383,0.8503084815313144,0.6537057172352246,0.8358548716913982,0.7122027736389731,0.8252390157538493,0.7687208946964112,42,46,34
abnormal_beat__B1+B3+B4__random_forest,abnormal_beat,target_abnormal_beat_binary,random_forest,Random forest,B1+B3+B4,B1+B3+B4,3,36,5,15651,48,72,5042,0.6816438821184498,0.8369234424495937,12499,3152,0.20139288224394608,0.8547696632803016,0.7606712978662659,0.6258436213991769,0.6503592199794731,0.9017127592708988,0.6031091370558376,0.9182334586766941,0.08176654132330587,0.3968908629441624,0.5364873145691194,11477,1022,1251,1901,2273,0.8690200672906624,0.7038227089350712,0.8363633837720705,0.6257582797794216,0.9102619827022839,0.7680101312408527,42,46,35
abnormal_beat__B1+B2+B4__linear_svm,abnormal_beat,target_abnormal_beat_binary,linear_svm,Linear support-vector machine,B1+B2+B4,B1+B2+B4,3,39,5,15651,48,72,7487,0.6982663364412536,0.8324759568891719,12499,3152,0.20139288224394608,0.8183502651587758,0.7657466404418952,0.6004216444132116,0.5389856169568509,0.9130732375085557,0.6776649746192893,0.8538283062645011,0.14617169373549885,0.3223350253807107,0.4901696070875743,10672,1827,1016,2136,2843,0.815514479737059,0.5618790007209641,0.7931997040756867,0.7403165895156723,0.7952162715121129,0.7677664305138926,42,46,36
abnormal_beat__B3+B4__random_forest,abnormal_beat,target_abnormal_beat_binary,random_forest,Random forest,B3+B4,B3+B4,2,21,5,15651,48,72,8798,0.6938536005729578,0.8436217163008821,12499,3152,0.20139288224394608,0.8793687304325603,0.7701412178964164,0.6622540250447227,0.7592288761279737,0.9015363657004465,0.587246192893401,0.953036242899432,0.04696375710056805,0.412753807106599,0.5974946479612175,11912,587,1301,1851,1888,0.8602961206439662,0.7264218635522951,0.8645084488446129,0.6008744685222841,0.932089161941882,0.766481815232083,42,46,37
abnormal_beat__B3__logistic_regression,abnormal_beat,target_abnormal_beat_binary,logistic_regression,Regularized logistic regression,B3,B3,1,13,5,15651,48,72,8960,0.691786193890742,0.8408719798845143,12499,3152,0.20139288224394608,0.8012906523544822,0.7675215413172141,0.5903582718651211,0.5047297297297297,0.9187405227009188,0.7109771573604061,0.8240659252740219,0.17593407472597808,0.28902284263959394,0.47599877023420295,10300,2199,911,2241,3110,0.8530040017414591,0.631108471105788,0.7922331834366405,0.7482682018383765,0.7809616499647,0.7646149259015382,42,46,38
abnormal_beat__B3+B4__extra_trees,abnormal_beat,target_abnormal_beat_binary,extra_trees,Extremely randomized trees,B3+B4,B3+B4,2,21,5,15651,48,72,8798,0.6826555468510614,0.8426942711240545,12499,3152,0.20139288224394608,0.8619896492236918,0.7662592956675113,0.6387959866220736,0.6753889674681753,0.903142790298682,0.6059644670050761,0.9265541243299464,0.0734458756700536,0.39403553299492383,0.5550485714679224,11581,918,1242,1910,2160,0.8574516925821072,0.7233161867539567,0.8582867158301908,0.6166539818571695,0.9102103048979543,0.7634321433775619,42,46,39
abnormal_beat__B1+B2__logistic_regression,abnormal_beat,target_abnormal_beat_binary,logistic_regression,Regularized logistic regression,B1+B2,B1+B2,2,31,5,15651,48,72,7492,0.6794801243951525,0.8331639808949309,12499,3152,0.20139288224394608,0.79688198837135,0.7565761098451328,0.5774292170676592,0.4969114619080302,0.9131205673758865,0.6890862944162437,0.8240659252740219,0.17593407472597808,0.31091370558375636,0.4587034401126133,10300,2199,980,2172,3179,0.8089378368543595,0.5615307148836748,0.7657444903007322,0.7551711246062405,0.7715544010061776,0.763362762806209,42,46,40
abnormal_beat__B3__linear_svm,abnormal_beat,target_abnormal_beat_binary,linear_svm,Linear support-vector machine,B3,B3,1,13,5,15651,48,72,8960,0.6854173121864815,0.8392229574294295,12499,3152,0.20139288224394608,0.8002683534598428,0.7646275915271191,0.5870541611624834,0.5029425079221367,0.9172082257633758,0.7049492385786802,0.824305944475558,0.17569405552444195,0.2950507614213198,0.47155800647120644,10303,2196,930,2222,3126,0.8475234998495311,0.6300511954098225,0.7918616315995924,0.7433711659395915,0.781379256594596,0.7623752112670937,42,46,41
abnormal_beat__B3+B4__hist_gradient_boosting,abnormal_beat,target_abnormal_beat_binary,hist_gradient_boosting,Histogram gradient boosting,B3+B4,B3+B4,2,21,5,15651,48,72,8798,0.6891609082582015,0.8400893351352225,12499,3152,0.20139288224394608,0.8338764296211105,0.7676380861737975,0.6142433234421365,0.5769230769230769,0.9103042360938407,0.6567258883248731,0.8785502840227218,0.12144971597727819,0.3432741116751269,0.510686960059584,10981,1518,1082,2070,2600,0.8591251259491622,0.699558214304447,0.8235884468354243,0.6667288375609454,0.8547807208705294,0.7607547792157374,42,46,42
abnormal_beat__B1+B4__hist_gradient_boosting,abnormal_beat,target_abnormal_beat_binary,hist_gradient_boosting,Histogram gradient boosting,B1+B4,B1+B4,2,23,5,15651,48,72,9044,0.6154603786531576,0.7888703781317715,12499,3152,0.20139288224394608,0.7866589994249569,0.7074701509115653,0.5204653166738474,0.47546575701915506,0.8868243243243243,0.5748730964467005,0.8400672053764301,0.15993279462356988,0.4251269035532995,0.3877225241073697,10500,1999,1340,1812,3339,0.7766421821359923,0.48606140275817306,0.7825831980342223,0.6684265050793434,0.852135111738756,0.7602808084090498,42,46,43
abnormal_beat__B1+B2+B4__hist_gradient_boosting,abnormal_beat,target_abnormal_beat_binary,hist_gradient_boosting,Histogram gradient boosting,B1+B2+B4,B1+B2+B4,3,39,5,15651,48,72,7487,0.6880630129747451,0.8305422634418714,12499,3152,0.20139288224394608,0.836048814772219,0.7609316105694547,0.6094368340943683,0.585722644821533,0.9059919888825309,0.6351522842639594,0.88671093687495,0.11328906312505001,0.36484771573604063,0.5065646875039176,11083,1416,1150,2002,2566,0.8766216271921042,0.7134563628034891,0.8027696719595986,0.6719689468737092,0.8474825372921251,0.7597257420829171,42,46,44
abnormal_beat__B1+B2__linear_svm,abnormal_beat,target_abnormal_beat_binary,linear_svm,Linear support-vector machine,B1+B2,B1+B2,2,31,5,15651,48,72,7492,0.6765018914238826,0.8267174048099172,12499,3152,0.20139288224394608,0.7967542010095202,0.7544794573413589,0.5753570951808837,0.49665821617884304,0.9118635077793493,0.6836928934010152,0.8252660212817026,0.17473397871829746,0.31630710659898476,0.45598330369660955,10315,2184,997,2155,3181,0.8075999887097567,0.5605574254627661,0.7637693259067078,0.7480065483761419,0.7698778621254693,0.7589422052508056,42,46,45
abnormal_beat__B1__hist_gradient_boosting,abnormal_beat,target_abnormal_beat_binary,hist_gradient_boosting,Histogram gradient boosting,B1,B1,1,15,5,15651,48,72,9049,0.6219152829700253,0.7864768064453904,12499,3152,0.20139288224394608,0.774519200051115,0.7036655825867084,0.5110156574754053,0.45362853628536287,0.8871051268772656,0.5850253807106599,0.822305784462757,0.177694215537243,0.4149746192893401,0.3725472319449442,10278,2221,1308,1844,3529,0.7763623501047597,0.5172672952294903,0.7692376268251366,0.679493279042222,0.837453979172058,0.75847362910714,42,46,46
abnormal_beat__B3__random_forest,abnormal_beat,target_abnormal_beat_binary,random_forest,Random forest,B3,B3,1,13,5,15651,48,72,8960,0.6778994507530353,0.8329843867511293,12499,3152,0.20139288224394608,0.8471024215705066,0.7609718422143823,0.6190097118293265,0.6212847555129435,0.90352978757387,0.616751269035533,0.9051924153932315,0.09480758460676854,0.383248730964467,0.5233771453364485,11314,1185,1208,1944,2393,0.8488508014651326,0.633536688955116,0.8395692032005772,0.6183155444148615,0.8926407365872926,0.7554781405010771,42,46,47
abnormal_beat__B3+B4__logistic_regression,abnormal_beat,target_abnormal_beat_binary,logistic_regression,Regularized logistic regression,B3+B4,B3+B4,2,21,5,15651,48,72,8798,0.7098287295082946,0.8508977548563804,12499,3152,0.20139288224394608,0.827103699444125,0.7821406930828578,0.6221725774923206,0.5556109725685785,0.920625375826819,0.7068527918781726,0.857428594287543,0.142571405712457,0.29314720812182743,0.5183930042111424,10717,1782,924,2228,2706,0.8471267549119665,0.6413423125007633,0.8195506956063582,0.6887863056758226,0.8115544908443716,0.7501703982600971,42,46,48
abnormal_beat__B1+B2+B4__extra_trees,abnormal_beat,target_abnormal_beat_binary,extra_trees,Extremely randomized trees,B1+B2+B4,B1+B2+B4,3,39,5,15651,48,72,7487,0.658559602631556,0.8159603581281492,12499,3152,0.20139288224394608,0.8679317615487828,0.7326123272602925,0.6068099676621648,0.7577197149643705,0.8850583197992027,0.5060279187817259,0.9591967357388591,0.04080326426114089,0.49397208121827413,0.5468420148052854,11989,510,1557,1595,2067,0.862678125925201,0.6985746104170644,0.8391510379708501,0.5499288197263421,0.9500643962640732,0.7499966079952076,42,46,49
abnormal_beat__B1__linear_svm,abnormal_beat,target_abnormal_beat_binary,linear_svm,Linear support-vector machine,B1,B1,1,15,5,15651,48,72,9049,0.5550440254472491,0.751607355161883,12499,3152,0.20139288224394608,0.7303047728579644,0.6565286644251338,0.44321329639889195,0.37931813050349966,0.8688290857244698,0.5329949238578681,0.7800624049923994,0.2199375950076006,0.467005076142132,0.27871904253918106,9750,2749,1472,1680,4221,0.7060796462701787,0.42759512760909957,0.6872109258920661,0.7205623131619204,0.7752745738528605,0.7479184435073905,42,46,50
abnormal_beat__B3+B4__linear_svm,abnormal_beat,target_abnormal_beat_binary,linear_svm,Linear support-vector machine,B3+B4,B3+B4,2,21,5,15651,48,72,8798,0.7008991726935749,0.8474160158097749,12499,3152,0.20139288224394608,0.825506357421251,0.7792425932145638,0.6183088749126485,0.5525855608293779,0.9192994505494505,0.7017766497461929,0.8567085366829347,0.14329146331706535,0.2982233502538071,0.5133622391187493,10708,1791,940,2212,2731,0.8425198889007567,0.6444424061024806,0.8183431568326339,0.6835777475921413,0.8108012063798443,0.7471894769859928,42,46,51
abnormal_beat__B1+B4__logistic_regression,abnormal_beat,target_abnormal_beat_binary,logistic_regression,Regularized logistic regression,B1+B4,B1+B4,2,23,5,15651,48,72,9044,0.5945209757522462,0.7667678645324235,12499,3152,0.20139288224394608,0.7372691840776947,0.6769035558377665,0.46887109274089384,0.3954248366013072,0.8791248530874243,0.5758248730964467,0.7779822385790863,0.22201776142091367,0.4241751269035533,0.3116691077411811,9724,2775,1337,1815,4112,0.7309726275563975,0.4401913956743949,0.7113381839536254,0.7253174029982948,0.7607048772111087,0.7430111401047017,42,46,52
abnormal_beat__B1__extra_trees,abnormal_beat,target_abnormal_beat_binary,extra_trees,Extremely randomized trees,B1,B1,1,15,5,15651,48,72,9049,0.6030163166355597,0.763860614219098,12499,3152,0.20139288224394608,0.768513194045109,0.6778408008681304,0.4778786568669837,0.4378135727488777,0.8740728253540121,0.5260152284263959,0.8296663733098648,0.17033362669013521,0.4739847715736041,0.3330649390689283,10370,2129,1494,1658,3623,0.7694415933985378,0.4428692138181832,0.7590436079165205,0.641558156372137,0.8444541534782913,0.7430061549252142,42,46,53
abnormal_beat__B1+B2__random_forest,abnormal_beat,target_abnormal_beat_binary,random_forest,Random forest,B1+B2,B1+B2,2,31,5,15651,48,72,7492,0.6322979297739801,0.7889812359386027,12499,3152,0.20139288224394608,0.8387962430515622,0.7061856572891313,0.5474439461883408,0.6297977713578209,0.8770789234956153,0.48413705583756345,0.9282342587406992,0.07176574125930074,0.5158629441624365,0.4571885923618353,11602,897,1626,1526,2523,0.8629426521634422,0.6407277687430969,0.808807439435277,0.552442316691584,0.9325426614480771,0.7424924890698306,42,46,54
abnormal_beat__B1+B2+B4__random_forest,abnormal_beat,target_abnormal_beat_binary,random_forest,Random forest,B1+B2+B4,B1+B2+B4,3,39,5,15651,48,72,7487,0.6287028944522757,0.7957442501363942,12499,3152,0.20139288224394608,0.8379656251996678,0.7080381405131699,0.5493958777540867,0.624394184168013,0.8781024667931688,0.49048223350253806,0.9255940475238019,0.07440595247619809,0.5095177664974619,0.4572493168503583,11569,930,1606,1546,2536,0.872430276655635,0.6624542023690511,0.8107991401326412,0.553616320087175,0.9313547457749075,0.7424855329310412,42,46,55
abnormal_beat__B1+B4__random_forest,abnormal_beat,target_abnormal_beat_binary,random_forest,Random forest,B1+B4,B1+B4,2,23,5,15651,48,72,9044,0.6180884693250313,0.7746552899045775,12499,3152,0.20139288224394608,0.8115136413008753,0.6940865929172811,0.5152809727242852,0.534423994546694,0.8754423213021939,0.49746192893401014,0.8907112569005521,0.10928874309944796,0.5025380710659898,0.39887230235921084,11133,1366,1584,1568,2950,0.7705533955406788,0.4926541905221352,0.7981984309941215,0.5803536736993175,0.9013231715962919,0.7408384226478046,42,46,56
abnormal_beat__B1__logistic_regression,abnormal_beat,target_abnormal_beat_binary,logistic_regression,Regularized logistic regression,B1,B1,1,15,5,15651,48,72,9049,0.5549470608868174,0.7510551925028883,12499,3152,0.20139288224394608,0.7107533064979874,0.6490327348015252,0.43178109702522904,0.3572170301142264,0.8678479143595422,0.5456852791878173,0.7523801904152332,0.2476198095847668,0.4543147208121827,0.25900596202743736,9404,3095,1432,1720,4527,0.7042425957528379,0.4222798638216908,0.6695848119819773,0.7274859424947764,0.7518553378014762,0.7396706401481263,42,46,57
abnormal_beat__B1__random_forest,abnormal_beat,target_abnormal_beat_binary,random_forest,Random forest,B1,B1,1,15,5,15651,48,72,9049,0.6204240040125231,0.7771373584803318,12499,3152,0.20139288224394608,0.7828253785700594,0.6998504042759969,0.5098774333093007,0.46735395189003437,0.8833838894506235,0.5609137055837563,0.8387871029682374,0.16121289703176253,0.43908629441624364,0.3744198162138883,10484,2015,1384,1768,3399,0.7664064774928188,0.44310678468437725,0.7801054269423915,0.6174809523150707,0.860890698081852,0.7391858251984613,42,46,58
abnormal_beat__B1+B4__linear_svm,abnormal_beat,target_abnormal_beat_binary,linear_svm,Linear support-vector machine,B1+B4,B1+B4,2,23,5,15651,48,72,9044,0.5841702759695064,0.7604964231106649,12499,3152,0.20139288224394608,0.7403360807616127,0.6744345385194268,0.4666666666666667,0.39794091316025065,0.8771349369578825,0.5640862944162437,0.7847827826226098,0.2152172173773902,0.43591370558375636,0.309782920682195,9809,2690,1374,1778,4064,0.7288636009662499,0.43842509166796717,0.7122680943369155,0.6947021955488962,0.7668328513681084,0.7307675234585023,42,46,59
abnormal_beat__B1+B4__extra_trees,abnormal_beat,target_abnormal_beat_binary,extra_trees,Extremely randomized trees,B1+B4,B1+B4,2,23,5,15651,48,72,9044,0.6143975092517867,0.7799802532489396,12499,3152,0.20139288224394608,0.8156028368794326,0.6922576268030376,0.5147948890383323,0.5475679542203148,0.873901205756515,0.4857233502538071,0.8987919033522682,0.10120809664773182,0.5142766497461929,0.40256840528738735,11234,1265,1621,1531,2886,0.7879980906086701,0.5388651010169381,0.7989741075092095,0.539059255005296,0.9005447301676628,0.7198019925864794,42,46,60
abnormal_beat__B2+B4__hist_gradient_boosting,abnormal_beat,target_abnormal_beat_binary,hist_gradient_boosting,Histogram gradient boosting,B2+B4,B2+B4,2,24,5,15651,48,72,12136,0.6625302168371037,0.8095718689119851,12499,3152,0.20139288224394608,0.8122803654718548,0.7390514718334827,0.5694607268464243,0.5291394335511983,0.8990733784122213,0.6164340101522843,0.8616689335146812,0.13833106648531882,0.3835659898477157,0.4524707790737648,10770,1729,1209,1943,2938,0.8057306767282498,0.6141589945045501,0.7806995330509908,0.5969132579839519,0.8230109357152268,0.7099620968495893,42,46,61
abnormal_beat__B2__hist_gradient_boosting,abnormal_beat,target_abnormal_beat_binary,hist_gradient_boosting,Histogram gradient boosting,B2,B2,1,16,5,15651,48,72,12141,0.656451648958298,0.8074981421652185,12499,3152,0.20139288224394608,0.8017379081208869,0.7411106594111285,0.5651016117729503,0.5061511423550088,0.902639698320192,0.6395939086294417,0.8426274101928154,0.15737258980718458,0.3604060913705584,0.4439906061087942,10532,1967,1136,2016,3103,0.8257938300038622,0.5964986861978621,0.7699049564732984,0.6034232207911905,0.8042455928475908,0.7038344068193907,42,46,62
abnormal_beat__B2+B4__extra_trees,abnormal_beat,target_abnormal_beat_binary,extra_trees,Extremely randomized trees,B2+B4,B2+B4,2,24,5,15651,48,72,12136,0.6172663431383486,0.7698039918619771,12499,3152,0.20139288224394608,0.8343875790684301,0.6974941244030487,0.5324675324675324,0.617056856187291,0.8735952937627272,0.4682741116751269,0.9267141371309705,0.07328586286902952,0.5317258883248731,0.4402292964827584,11583,916,1676,1476,2592,0.8196516635036386,0.6021316180878769,0.8085506324351313,0.4773337397915707,0.9107976843827019,0.6940657120871363,42,46,63
abnormal_beat__B2__extra_trees,abnormal_beat,target_abnormal_beat_binary,extra_trees,Extremely randomized trees,B2,B2,1,16,5,15651,48,72,12141,0.6306131533757297,0.7602769898889555,12499,3152,0.20139288224394608,0.8187336272442656,0.6981324495807381,0.5243922883487008,0.5559900462140064,0.876304720361427,0.49619289340101524,0.9000720057604609,0.09992799423953916,0.5038071065989848,0.4138879583716443,11250,1249,1588,1564,2837,0.8132845805329401,0.5523020572667209,0.7929984054856648,0.5029422310873569,0.8618816685877092,0.6824119498375331,42,46,64
abnormal_beat__B2__random_forest,abnormal_beat,target_abnormal_beat_binary,random_forest,Random forest,B2,B2,1,16,5,15651,48,72,12141,0.6126684543798033,0.7503017305889733,12499,3152,0.20139288224394608,0.8338125359401956,0.6839665828088581,0.5120990433314575,0.6264341441027994,0.867354513064133,0.43305837563451777,0.9348747899831986,0.06512521001680134,0.5669416243654822,0.4262408049184765,11685,814,1787,1365,2601,0.8302959922072953,0.5872747690655461,0.8006689040635605,0.4000137146036144,0.936235302380663,0.6681245084921387,42,46,65
abnormal_beat__B2+B4__random_forest,abnormal_beat,target_abnormal_beat_binary,random_forest,Random forest,B2+B4,B2+B4,2,24,5,15651,48,72,12136,0.6213041300784694,0.7564871755416969,12499,3152,0.20139288224394608,0.8438438438438438,0.6911960951800001,0.5290944123314065,0.6736997055937193,0.8693160949092779,0.4355964467005076,0.9467957436594927,0.05320425634050724,0.5644035532994924,0.4556808108253299,11834,665,1779,1373,2444,0.8404484160763318,0.6257500207318469,0.8144911688709291,0.380896244617193,0.9461800044741879,0.6635381245456905,42,46,66
abnormal_beat__B2+B4__logistic_regression,abnormal_beat,target_abnormal_beat_binary,logistic_regression,Regularized logistic regression,B2+B4,B2+B4,2,24,5,15651,48,72,12136,0.6191021301073384,0.7438192010632921,12499,3152,0.20139288224394608,0.735288479969331,0.6763752140780399,0.4678227360308285,0.39304985970213685,0.8791976765293157,0.5777284263959391,0.7750220017601408,0.2249779982398592,0.4222715736040609,0.3098958453578924,9687,2812,1331,1821,4143,0.7130112033328148,0.44635225052563005,0.7219501166607974,0.5850805177817107,0.7155087553942527,0.6502946365879817,42,46,67
abnormal_beat__B2__linear_svm,abnormal_beat,target_abnormal_beat_binary,linear_svm,Linear support-vector machine,B2,B2,1,16,5,15651,48,72,12141,0.6049549066720276,0.7310071674420294,12499,3152,0.20139288224394608,0.7089642834323685,0.6662997126064502,0.4515352197471403,0.363865709295556,0.8783577824347495,0.5948604060913706,0.7377390191215297,0.2622609808784703,0.4051395939086294,0.2838369146579798,9221,3278,1277,1875,4555,0.703824275485186,0.4193287689318411,0.677882797133373,0.6206182711667252,0.6686583479806846,0.6446383095737049,42,46,68
abnormal_beat__B2__logistic_regression,abnormal_beat,target_abnormal_beat_binary,logistic_regression,Regularized logistic regression,B2,B2,1,16,5,15651,48,72,12141,0.6060042780601712,0.7320776987722226,12499,3152,0.20139288224394608,0.709794901284263,0.6659893705202,0.4513167431746799,0.3644166991806477,0.8780047505938242,0.5926395939086294,0.7393391471317705,0.26066085286822943,0.4073604060913706,0.28368779969769187,9241,3258,1284,1868,4542,0.7015723186788954,0.41406966330841083,0.6789279087800096,0.6190553076405046,0.6696530950260474,0.644354201333276,42,46,69
abnormal_beat__B2+B4__linear_svm,abnormal_beat,target_abnormal_beat_binary,linear_svm,Linear support-vector machine,B2+B4,B2+B4,2,24,5,15651,48,72,12136,0.6185080112703999,0.7435032948473168,12499,3152,0.20139288224394608,0.7362468851830554,0.6785174032196688,0.47049769112365314,0.39491817398794143,0.8802580176251477,0.5818527918781726,0.7751820145611649,0.2248179854388351,0.41814720812182743,0.31344453785206294,9689,2810,1318,1834,4128,0.7155232063235111,0.4508832682370322,0.7222559037751362,0.5639058451358074,0.7101771567879063,0.6370415009618569,42,46,70
abnormal_beat__B4__linear_svm,abnormal_beat,target_abnormal_beat_binary,linear_svm,Linear support-vector machine,B4,B4,1,8,5,15651,48,72,15031,0.48389841925902827,0.6406026366774067,12499,3152,0.20139288224394608,0.6141460609545716,0.5590099619137043,0.3275804476116245,0.252358895179276,0.8288535939727143,0.46668781725888325,0.6513321065685255,0.34866789343147453,0.5333121827411168,0.09790143912911678,8141,4358,1681,1471,6039,0.5968878525510467,0.27064939396655274,0.658378709948178,0.3466184830801269,0.6946522899956672,0.520635386537897,42,46,71
abnormal_beat__B4__logistic_regression,abnormal_beat,target_abnormal_beat_binary,logistic_regression,Regularized logistic regression,B4,B4,1,8,5,15651,48,72,15031,0.48116597757868856,0.6370301843165318,12499,3152,0.20139288224394608,0.6153600408919558,0.5569229929257284,0.3246578415974871,0.2511280805275946,0.8275862068965517,0.4590736040609137,0.6547723817905432,0.34522761820945674,0.5409263959390863,0.09466417301385395,8184,4315,1705,1447,6020,0.5933086322032666,0.2684248594499884,0.6577235499117676,0.3429186517337789,0.6952134541505776,0.5190660529421782,42,46,72
abnormal_beat__B4__hist_gradient_boosting,abnormal_beat,target_abnormal_beat_binary,hist_gradient_boosting,Histogram gradient boosting,B4,B4,1,8,5,15651,48,72,15031,0.5019259394807016,0.6264350932082784,12499,3152,0.20139288224394608,0.6768257619321449,0.5600554516442534,0.31239804241435565,0.27331113225499526,0.8250196558050145,0.3645304568527919,0.7555804464357149,0.24441955356428513,0.6354695431472082,0.1086765833791184,9444,3055,2003,1149,5058,0.6050969737477475,0.249664553907647,0.6810232256552151,0.28356822316670116,0.7504522572960406,0.5170102402313709,42,46,73
abnormal_beat__B4__extra_trees,abnormal_beat,target_abnormal_beat_binary,extra_trees,Extremely randomized trees,B4,B4,1,8,5,15651,48,72,15031,0.4976234854242317,0.6133417681165524,12499,3152,0.20139288224394608,0.7313270717526037,0.5504050983977196,0.27059843885516044,0.29850746268656714,0.8180702561742599,0.24746192893401014,0.8533482678614289,0.14665173213857108,0.7525380710659898,0.1084076693796308,10666,1833,2372,780,4205,0.6001970893712106,0.2648431742827124,0.7237678151795451,0.1872948309425015,0.834155926876684,0.5107253789095928,42,46,74
abnormal_beat__B4__random_forest,abnormal_beat,target_abnormal_beat_binary,random_forest,Random forest,B4,B4,1,8,5,15651,48,72,15031,0.4959077820826768,0.6023723364415432,12499,3152,0.20139288224394608,0.7386109513769088,0.5416793241936513,0.24617652478348995,0.2936263736263736,0.8142942583732058,0.21192893401015228,0.8714297143771502,0.12857028562284983,0.7880710659898477,0.09484786774929839,10892,1607,2484,668,4091,0.6104455107677649,0.2675769145347453,0.727361514827432,0.16542684128931426,0.8511811370048098,0.508303989147062,42,46,75
artifact__B2+B4__logistic_regression,artifact,target_artifact_binary,logistic_regression,Regularized logistic regression,B2+B4,B2+B4,2,24,5,11317,17,30,8971,0.8709258926906783,0.9486276457866486,5055,6262,0.5533268534063798,0.9048334364230803,0.9079423530560197,0.9108665066622528,0.9453702113038996,0.8618995633187773,0.8787927179814755,0.9370919881305638,0.0629080118694362,0.12120728201852443,0.8115658092977766,4737,318,759,5503,1077,0.9536346436404912,0.9693578446287768,0.9236593989945693,0.8602112368491994,0.9450815625392328,0.9026463996942161,15,17,1
artifact__B1+B2+B3+B4__logistic_regression,artifact,target_artifact_binary,logistic_regression,Regularized logistic regression,B1+B2+B3+B4,B1+B2+B3+B4,4,52,5,11317,17,30,4084,0.8489186897945737,0.9479924554960106,5055,6262,0.5533268534063798,0.8962622603163383,0.8967464091101367,0.9049238743116295,0.9180085441998028,0.8709615752246225,0.892206962631747,0.9012858555885263,0.09871414441147379,0.10779303736825295,0.7912282373333707,4556,499,675,5587,1174,0.9594023076089556,0.9719546918688835,0.911393080432167,0.8829429007834099,0.9196698495481047,0.9013063751657573,15,17,2
artifact__B1+B2+B3__linear_svm,artifact,target_artifact_binary,linear_svm,Linear support-vector machine,B1+B2+B3,B1+B2+B3,3,44,5,11317,17,30,4084,0.8506843657503668,0.952585713483627,5055,6262,0.5533268534063798,0.9005036670495714,0.9003312018767685,0.909354371276767,0.9168831168831169,0.8809385301531898,0.9019482593420632,0.8987141444114738,0.10128585558852621,0.09805174065793676,0.7992407632764331,4543,512,614,5648,1126,0.9621410729184338,0.9747067426204763,0.9139955427337559,0.8831334716577828,0.9151857124788324,0.8991595920683075,15,17,3
artifact__B2+B3__logistic_regression,artifact,target_artifact_binary,logistic_regression,Regularized logistic regression,B2+B3,B2+B3,2,29,5,11317,17,30,6653,0.8536201451329116,0.9581156000575328,5055,6262,0.5533268534063798,0.9054519749050102,0.9052411180622226,0.913931788931789,0.9207455429497569,0.8871187099281135,0.9072181411689556,0.9032640949554896,0.09673590504451039,0.0927818588310444,0.8091721857290083,4566,489,581,5681,1070,0.9700902338726263,0.978981916368235,0.9235822474968541,0.871574458884674,0.9262333060055588,0.8989038824451163,15,17,4
artifact__B1+B2+B3__logistic_regression,artifact,target_artifact_binary,logistic_regression,Regularized logistic regression,B1+B2+B3,B1+B2+B3,3,44,5,11317,17,30,4084,0.8524143247197142,0.9540216869719511,5055,6262,0.5533268534063798,0.901210568171777,0.9011224976235539,0.9099403898823909,0.918075422626788,0.8811229428848015,0.9019482593420632,0.9002967359050446,0.09970326409495549,0.09805174065793676,0.8007202313800629,4551,504,614,5648,1118,0.965052199677707,0.9763702674979164,0.9140323039685784,0.876942084339191,0.9191443728421171,0.8980432285906541,15,17,5
artifact__B2+B3+B4__logistic_regression,artifact,target_artifact_binary,logistic_regression,Regularized logistic regression,B2+B3+B4,B2+B3+B4,3,37,5,11317,17,30,6646,0.8581235403060239,0.9530501538308364,5055,6262,0.5533268534063798,0.9010338428912256,0.9008102820428496,0.9098809140650145,0.9169639961076873,0.8819646670549408,0.9029064196742255,0.8987141444114738,0.10128585558852621,0.09709358032577452,0.8002734817727372,4543,512,608,5654,1120,0.9662948701302598,0.9766016928242307,0.9168597876785293,0.8783926140769089,0.9160054866902952,0.897199050383602,15,17,6
artifact__B1+B2+B3+B4__linear_svm,artifact,target_artifact_binary,linear_svm,Linear support-vector machine,B1+B2+B3+B4,B1+B2+B3+B4,4,52,5,11317,17,30,4084,0.8367237479894962,0.9506593673193813,5055,6262,0.5533268534063798,0.892639392065035,0.8923859740238407,0.9021817889058852,0.909725604805975,0.8722373012795657,0.8947620568508464,0.8900098911968348,0.10999010880316518,0.10523794314915362,0.7833661679634727,4499,556,659,5603,1215,0.9553121666143833,0.9692762975429527,0.9075112597693915,0.8854628754053281,0.9073817260739129,0.8964223007396205,15,17,7
artifact__B1+B2+B4__logistic_regression,artifact,target_artifact_binary,logistic_regression,Regularized logistic regression,B1+B2+B4,B1+B2+B4,3,39,5,11317,17,30,5666,0.8529477434344918,0.9508315490603299,5055,6262,0.5533268534063798,0.8939648316691703,0.896519726635246,0.9010554089709762,0.9314694851687692,0.8536048431480462,0.8725646758224209,0.9204747774480713,0.07952522255192879,0.12743532417757905,0.7890468402478183,4653,402,798,5464,1200,0.9492522210965233,0.9668049643029667,0.9171631836583972,0.8618419846508895,0.9302884331397712,0.8960652088953303,15,17,8
artifact__B2+B4__linear_svm,artifact,target_artifact_binary,linear_svm,Linear support-vector machine,B2+B4,B2+B4,2,24,5,11317,17,30,8971,0.8624135129273763,0.9441348683345712,5055,6262,0.5533268534063798,0.8980295131218521,0.9008790244392488,0.9046438605189225,0.9373287671232877,0.8561256162132554,0.8741616097093581,0.9275964391691395,0.07240356083086054,0.12583839029064198,0.7975954101284675,4689,366,788,5474,1154,0.9515099791782566,0.968485337402166,0.9187892066877043,0.8578636428491723,0.9338695870648959,0.895866614957034,15,17,9
artifact__B1+B2__hist_gradient_boosting,artifact,target_artifact_binary,hist_gradient_boosting,Histogram gradient boosting,B1+B2,B1+B2,2,31,5,11317,17,30,5666,0.8525654677603812,0.9496557019784054,5055,6262,0.5533268534063798,0.9022709198550852,0.9004410443916029,0.9122082870296873,0.9068813131313131,0.8964063441076089,0.9175982114340466,0.8832838773491593,0.11671612265084075,0.08240178856595337,0.8020839711796239,4465,590,516,5746,1106,0.9556429262147043,0.9717097067318076,0.9094122241268616,0.8890980498547709,0.8996554614500285,0.8943767556523997,15,17,10
artifact__B2+B3__linear_svm,artifact,target_artifact_binary,linear_svm,Linear support-vector machine,B2+B3,B2+B3,2,29,5,11317,17,30,6653,0.8452936702487525,0.9478723959252678,5055,6262,0.5533268534063798,0.8967924361579924,0.8956430715341086,0.9067092651757188,0.9069990412272292,0.8841668313896027,0.9064196742254871,0.88486646884273,0.11513353115727003,0.09358032577451293,0.7912260055573079,4473,582,586,5676,1168,0.9666158996487377,0.9769529758810196,0.9137103199391475,0.881038230580853,0.905873437887575,0.893455834234214,15,17,11
artifact__B2__logistic_regression,artifact,target_artifact_binary,logistic_regression,Regularized logistic regression,B2,B2,1,16,5,11317,17,30,8986,0.8565962174635545,0.946494753253318,5055,6262,0.5533268534063798,0.9007687549703985,0.902972966483975,0.9077466524275035,0.9346980206394857,0.863669996300407,0.8823059725327371,0.9236399604352127,0.07636003956478733,0.11769402746726286,0.80214802640435,4669,386,737,5525,1123,0.9548478711181159,0.971225167968635,0.9207453051065486,0.8523159468068435,0.9345167405311843,0.8934163436690139,15,17,12
artifact__B2+B3+B4__linear_svm,artifact,target_artifact_binary,linear_svm,Linear support-vector machine,B2+B3+B4,B2+B3+B4,3,37,5,11317,17,30,6646,0.8462576414186282,0.9478231133774168,5055,6262,0.5533268534063798,0.8945833701511001,0.8937803610934464,0.9044147103597469,0.9075414053706383,0.8787759905845429,0.9013094857872884,0.8862512363996043,0.11374876360039565,0.09869051421271159,0.7869388135214704,4480,575,618,5644,1193,0.9611564391817758,0.9736333224326217,0.9100768403607339,0.8823087597326826,0.9035508462688441,0.8929298030007633,15,17,13
artifact__B2__linear_svm,artifact,target_artifact_binary,linear_svm,Linear support-vector machine,B2,B2,1,16,5,11317,17,30,8986,0.8601538586196648,0.9467405024476281,5055,6262,0.5533268534063798,0.901210568171777,0.9036391137917277,0.9079835390946502,0.9368206521739131,0.8625897955424572,0.8808687320344938,0.9264094955489615,0.07359050445103858,0.11913126796550623,0.8033347056763873,4683,372,746,5516,1118,0.9519223703743016,0.9698609788113616,0.9210903445464983,0.8495954121184437,0.9346972787771185,0.8921463454477812,15,17,14
artifact__B1+B2+B3__hist_gradient_boosting,artifact,target_artifact_binary,hist_gradient_boosting,Histogram gradient boosting,B1+B2+B3,B1+B2+B3,3,44,5,11317,17,30,4084,0.8320022877448031,0.9509417058081928,5055,6262,0.5533268534063798,0.8929928426261377,0.8892354809329885,0.9053092501368364,0.8869312088248813,0.9012526096033403,0.924465027147876,0.8540059347181009,0.14599406528189912,0.07553497285212392,0.7833123356995064,4317,738,473,5789,1211,0.9590971052690604,0.9714510296743225,0.9027420063026587,0.906911353071097,0.8762304427017222,0.8915708978864096,15,17,15
artifact__B1+B2__logistic_regression,artifact,target_artifact_binary,logistic_regression,Regularized logistic regression,B1+B2,B1+B2,2,31,5,11317,17,30,5666,0.8627531632844951,0.950511471796656,5055,6262,0.5533268534063798,0.8983829636829549,0.9014081292306506,0.9048328368090036,0.9390243902439024,0.8553230209281165,0.873043755988502,0.9297725024727992,0.0702274975272008,0.12695624401149794,0.7985706083719467,4700,355,795,5467,1150,0.9546520058342581,0.9703637472264467,0.9189100439862468,0.8446501244022613,0.9350546608785928,0.889852392640427,15,17,16
artifact__B2+B3__hist_gradient_boosting,artifact,target_artifact_binary,hist_gradient_boosting,Histogram gradient boosting,B2+B3,B2+B3,2,29,5,11317,17,30,6653,0.8139991958028224,0.9483865457805062,5055,6262,0.5533268534063798,0.8863656446054609,0.8809210154288138,0.9007562895508566,0.8715651135005974,0.9078121618697251,0.9319706164164804,0.8298714144411474,0.17012858555885263,0.06802938358351965,0.7705597746264796,4195,860,426,5836,1286,0.9616777883397607,0.9721651016438668,0.8977453735755715,0.919640037772599,0.8562993606807472,0.887969699226673,15,17,17
artifact__B1+B2+B4__linear_svm,artifact,target_artifact_binary,linear_svm,Linear support-vector machine,B1+B2+B4,B1+B2+B4,3,39,5,11317,17,30,5666,0.8420826712270959,0.9493622152928857,5055,6262,0.5533268534063798,0.8877794468498719,0.890186912344915,0.8953526697429136,0.924923391215526,0.8476942862392063,0.867614180772916,0.912759643916914,0.08724035608308606,0.132385819227084,0.7764860668281968,4614,441,829,5433,1270,0.9438624507612052,0.9639311900086273,0.9119170084730379,0.8534724948733463,0.9181656487043844,0.8858190717888654,15,17,18
artifact__B2__hist_gradient_boosting,artifact,target_artifact_binary,hist_gradient_boosting,Histogram gradient boosting,B2,B2,1,16,5,11317,17,30,8986,0.8279496772930622,0.9401712339991279,5055,6262,0.5533268534063798,0.889193249094283,0.8845246997179856,0.9026397515527951,0.8783620429132668,0.9044477548414557,0.9282976684765251,0.8407517309594461,0.15924826904055392,0.07170233152347492,0.7758990944935193,4250,805,449,5813,1254,0.960421660046736,0.9747610156452523,0.9021436885932334,0.9040084498463534,0.8675701770687069,0.8857893134575301,15,17,19
artifact__B2__extra_trees,artifact,target_artifact_binary,extra_trees,Extremely randomized trees,B2,B2,1,16,5,11317,17,30,8986,0.8376250200648189,0.9464429411876814,5055,6262,0.5533268534063798,0.8961738976760626,0.8927391159715186,0.9079081432714162,0.8914883792519624,0.9024896265560166,0.9249441073139572,0.8605341246290801,0.1394658753709199,0.07505589268604279,0.7897166835034638,4350,705,470,5792,1175,0.9643728314632938,0.9755668858572057,0.9135240443320614,0.8860775528908152,0.8850824437619216,0.8855799983263684,15,17,20
artifact__B1+B2+B4__hist_gradient_boosting,artifact,target_artifact_binary,hist_gradient_boosting,Histogram gradient boosting,B1+B2+B4,B1+B2+B4,3,39,5,11317,17,30,5666,0.8449073850577118,0.9484543204522033,5055,6262,0.5533268534063798,0.8963506229566139,0.894328704910311,0.9069859646340497,0.9007717750826902,0.8907004830917874,0.9132864899393165,0.8753709198813057,0.12462908011869436,0.0867135100606835,0.7900635804014524,4425,630,543,5719,1173,0.950179959127338,0.968181786045313,0.9058060280451833,0.8855608584019038,0.8839798158879764,0.88477033714494,15,17,21
artifact__B1+B2__linear_svm,artifact,target_artifact_binary,linear_svm,Linear support-vector machine,B1+B2,B1+B2,2,31,5,11317,17,30,5666,0.8562824596043589,0.9447210788006168,5055,6262,0.5533268534063798,0.8925510294247592,0.8957378766497306,0.8991708126036484,0.93515005174198,0.8477985142235912,0.8658575534972852,0.9256181998021761,0.07438180019782394,0.13414244650271478,0.7872006135937227,4679,376,840,5422,1216,0.9510885529062143,0.9681509198579772,0.91499536766445,0.8440204497723249,0.9250210839616742,0.8845207668669995,15,17,22
artifact__B2__random_forest,artifact,target_artifact_binary,random_forest,Random forest,B2,B2,1,16,5,11317,17,30,8986,0.821782958458318,0.9344543555150582,5055,6262,0.5533268534063798,0.8840682159582929,0.8779108029497312,0.8993092862624712,0.8656914893617021,0.911409100901297,0.9356435643564357,0.8201780415430268,0.1798219584569733,0.06435643564356436,0.7663872494229012,4146,909,403,5859,1312,0.9590557998079888,0.9753746033984605,0.8998492734857968,0.906561603281521,0.8572688274483075,0.8819152153649142,15,17,23
artifact__B1+B2__random_forest,artifact,target_artifact_binary,random_forest,Random forest,B1+B2,B1+B2,2,31,5,11317,17,30,5666,0.8321074175906439,0.9361504092742592,5055,6262,0.5533268534063798,0.8936997437483432,0.8880058576356344,0.9074116832140383,0.8757985440499183,0.9199738334060183,0.9413925263494092,0.8346191889218596,0.16538081107814046,0.058607473650590866,0.7858299355427208,4219,836,367,5895,1203,0.962117111012336,0.9765673398180494,0.9040108971472376,0.8963850823395051,0.8666933002458247,0.8815391912926649,15,17,24
artifact__B1+B2+B3+B4__hist_gradient_boosting,artifact,target_artifact_binary,hist_gradient_boosting,Histogram gradient boosting,B1+B2+B3+B4,B1+B2+B3+B4,4,52,5,11317,17,30,4084,0.831067469014181,0.9440180363705073,5055,6262,0.5533268534063798,0.8873376336484934,0.8836486606447569,0.9001956947162426,0.8828496852448948,0.8934221482098251,0.9182369849888214,0.8490603363006923,0.1509396636993076,0.08176301501117854,0.7717715325161367,4292,763,512,5750,1275,0.951532914371173,0.9678990745909378,0.8946340730945347,0.8994637606468171,0.8623056264499006,0.8808846935483589,15,17,25
artifact__B2+B3+B4__hist_gradient_boosting,artifact,target_artifact_binary,hist_gradient_boosting,Histogram gradient boosting,B2+B3+B4,B2+B3+B4,3,37,5,11317,17,30,6646,0.8167865166840726,0.9366592693892802,5055,6262,0.5533268534063798,0.8839798533180171,0.8792799170794843,0.8980352566591597,0.8740740740740741,0.8979157805189281,0.9233471734270201,0.8352126607319486,0.16478733926805145,0.07665282657297988,0.765245382914836,4222,833,480,5782,1313,0.9539293103235852,0.9693890829832371,0.8918927741032914,0.9045588026491942,0.8570464144990348,0.8808026085741145,15,17,26
artifact__B2+B4__hist_gradient_boosting,artifact,target_artifact_binary,hist_gradient_boosting,Histogram gradient boosting,B2+B4,B2+B4,2,24,5,11317,17,30,8971,0.8312982790384403,0.943544368472388,5055,6262,0.5533268534063798,0.8887514358929045,0.8838966829582355,0.902395534537561,0.8769022148561096,0.9055555555555556,0.929415522197381,0.83837784371909,0.16162215628090998,0.07058447780261898,0.7750908883684995,4238,817,442,5820,1259,0.9505111452085191,0.9706136809594079,0.899101663781934,0.8963473036600595,0.8597182964569009,0.8780328000584803,15,17,27
artifact__B1+B2+B4__random_forest,artifact,target_artifact_binary,random_forest,Random forest,B1+B2+B4,B1+B2+B4,3,39,5,11317,17,30,5666,0.8385201393945021,0.9411793490123371,5055,6262,0.5533268534063798,0.8947600954316515,0.8890784096118045,0.9083352574463173,0.8766899420591294,0.9212821631051025,0.9423506866815714,0.8358061325420376,0.1641938674579624,0.05764931331842862,0.7880021796821159,4225,830,361,5901,1191,0.9592319837899363,0.9759742185038531,0.903850319047862,0.8933518006855122,0.8607412598606536,0.877046530273083,15,17,28
artifact__B2+B4__random_forest,artifact,target_artifact_binary,random_forest,Random forest,B2+B4,B2+B4,2,24,5,11317,17,30,8971,0.8247930009674799,0.941750661698868,5055,6262,0.5533268534063798,0.8888397985331802,0.882985135404514,0.9032605352199323,0.8711064965885494,0.9149726775956284,0.9378792717981476,0.8280909990108803,0.17190900098911968,0.062120728201852445,0.7759595852408756,4186,869,389,5873,1258,0.9572312515065041,0.9753259487218052,0.9022150696215623,0.8978288180954779,0.8544827258213594,0.8761557719584186,15,17,29
artifact__B2+B3__random_forest,artifact,target_artifact_binary,random_forest,Random forest,B2+B3,B2+B3,2,29,5,11317,17,30,6653,0.7773594674742492,0.9370272951614074,5055,6262,0.5533268534063798,0.8677211275072899,0.8580487363372118,0.8881082293145975,0.8347618378530279,0.9235714285714286,0.9487384222293197,0.7673590504451039,0.23264094955489614,0.05126157777068029,0.7369128412040963,3879,1176,321,5941,1497,0.9665217105610245,0.9772313298975611,0.8782707742782808,0.9332040524735578,0.7988067803552268,0.8660054164143922,15,17,30
artifact__B1+B2__extra_trees,artifact,target_artifact_binary,extra_trees,Extremely randomized trees,B1+B2,B1+B2,2,31,5,11317,17,30,5666,0.8279303579633286,0.9242651128261635,5055,6262,0.5533268534063798,0.8818591499514006,0.8779355546351992,0.8954897209411397,0.8770479252794365,0.8884245716673631,0.9147237304375598,0.8411473788328387,0.15885262116716123,0.08527626956244011,0.7606566540714407,4252,803,534,5728,1337,0.961358591109422,0.9735699941401484,0.8848730826904841,0.8672938552674303,0.8621645213596993,0.8647291883135648,15,17,31
artifact__B1+B2+B3__random_forest,artifact,target_artifact_binary,random_forest,Random forest,B1+B2+B3,B1+B2+B3,3,44,5,11317,17,30,4084,0.7793583244841105,0.9366335401394424,5055,6262,0.5533268534063798,0.8684280286294954,0.8589162931800024,0.888572925241338,0.8360794254330376,0.9229127134724858,0.9480996486745449,0.7697329376854599,0.23026706231454006,0.051900351325455125,0.7381255246212963,3891,1164,325,5937,1489,0.9670531530993627,0.977675329540456,0.8855203734428589,0.9199651064634751,0.8014422216111161,0.8607036640372956,15,17,32
artifact__B2+B4__extra_trees,artifact,target_artifact_binary,extra_trees,Extremely randomized trees,B2+B4,B2+B4,2,24,5,11317,17,30,8971,0.814718414747776,0.9283171570205156,5055,6262,0.5533268534063798,0.8777944684987188,0.8717650558010717,0.8936889845491582,0.8615681043426708,0.9017505470459518,0.9282976684765251,0.8152324431256182,0.1847675568743818,0.07170233152347492,0.7533594109420683,4121,934,449,5813,1383,0.9571524473209263,0.9723342693617893,0.8875627609606477,0.8918721371079574,0.823581522391148,0.8577268297495527,15,17,33
artifact__B1+B2+B3+B4__random_forest,artifact,target_artifact_binary,random_forest,Random forest,B1+B2+B3+B4,B1+B2+B3+B4,4,52,5,11317,17,30,4084,0.7828202139004701,0.9323457025569989,5055,6262,0.5533268534063798,0.8651586109392949,0.8554853336391359,0.8859150717703349,0.8328647736856902,0.9198191767784916,0.9461833280102204,0.7647873392680514,0.23521266073194858,0.05381667198977962,0.7315300475791578,3866,1189,337,5925,1526,0.9631406808719543,0.975145265955219,0.8793373630226776,0.921007094313165,0.7884752061104002,0.8547411502117825,15,17,34
artifact__B2+B3__extra_trees,artifact,target_artifact_binary,extra_trees,Extremely randomized trees,B2+B3,B2+B3,2,29,5,11317,17,30,6653,0.7818072402732671,0.9315592921532464,5055,6262,0.5533268534063798,0.8739065123265883,0.8634473522014785,0.8940530106169723,0.8354377688358541,0.9413625304136253,0.9615138933248164,0.7653808110781405,0.23461918892185954,0.038486106675183644,0.7514333130112604,3869,1186,241,6021,1427,0.9635314952956002,0.9715421989494165,0.881180989940635,0.9226223178639226,0.7827480669667743,0.8526851924153485,15,17,35
artifact__B2+B3+B4__random_forest,artifact,target_artifact_binary,random_forest,Random forest,B2+B3+B4,B2+B3+B4,3,37,5,11317,17,30,6646,0.7707961136553837,0.931800371483096,5055,6262,0.5533268534063798,0.86197755588937,0.8515050667505728,0.8839179548156956,0.8266611064776203,0.9235993208828522,0.9496965825614819,0.7533135509396637,0.2466864490603363,0.050303417438518044,0.7262511157990137,3808,1247,315,5947,1562,0.9641339863860992,0.9760940627302467,0.8768508991786231,0.9206587334436421,0.772328472252436,0.846493602848039,15,17,36
artifact__B1+B2+B4__extra_trees,artifact,target_artifact_binary,extra_trees,Extremely randomized trees,B1+B2+B4,B1+B2+B4,3,39,5,11317,17,30,5666,0.8222157762672099,0.9228671413387131,5055,6262,0.5533268534063798,0.8777944684987188,0.872813645871144,0.8927823862314909,0.86756064486967,0.8923076923076924,0.9195145320983711,0.826112759643917,0.17388724035608308,0.08048546790162887,0.752714135864521,4176,879,504,5758,1383,0.957658853853223,0.9718072634545281,0.8754557701084196,0.8680009048256683,0.8247877045414298,0.846394304683549,15,17,37
artifact__B1+B2+B3__extra_trees,artifact,target_artifact_binary,extra_trees,Extremely randomized trees,B1+B2+B3,B1+B2+B3,3,44,5,11317,17,30,4084,0.7830426782005631,0.9258492579812245,5055,6262,0.5533268534063798,0.8660422373420518,0.8560550172945887,0.8869500372856077,0.8319809736989368,0.9244423123051091,0.9496965825614819,0.7624134520276954,0.23758654797230466,0.050303417438518044,0.733932294125555,3854,1201,315,5947,1516,0.9593067443051377,0.969616557212474,0.8723079839381228,0.9105874015900209,0.7820137037678864,0.8463005526789537,15,17,38
artifact__B1+B3+B4__logistic_regression,artifact,target_artifact_binary,logistic_regression,Regularized logistic regression,B1+B3+B4,B1+B3+B4,3,36,5,11317,17,30,4084,0.7895057334299395,0.9135025459854376,5055,6262,0.5533268534063798,0.8551736325881417,0.8530973725303994,0.8695790562584547,0.8666137985725615,0.840782122905028,0.8725646758224209,0.8336300692383778,0.16636993076162215,0.12743532417757905,0.7067950780989601,4214,841,798,5464,1639,0.9118112768489445,0.9123569457457138,0.8604772430135951,0.8262526488555836,0.8532550701849037,0.8397538595202436,15,17,39
artifact__B2+B3+B4__extra_trees,artifact,target_artifact_binary,extra_trees,Extremely randomized trees,B2+B3+B4,B2+B3+B4,3,37,5,11317,17,30,6646,0.7743145413734132,0.924452052092911,5055,6262,0.5533268534063798,0.8618891932490943,0.851253632590214,0.8839902026274772,0.8258216613507142,0.9252313687286897,0.9509741296710316,0.7515331355093966,0.24846686449060337,0.04902587032896838,0.7263747036940067,3799,1256,307,5955,1563,0.958032245743958,0.9684978658826381,0.8684136632785361,0.917852557375506,0.7596177046443213,0.8387351310099136,15,17,40
artifact__B3+B4__logistic_regression,artifact,target_artifact_binary,logistic_regression,Regularized logistic regression,B3+B4,B3+B4,2,21,5,11317,17,30,6915,0.7809239362567253,0.9135645067177508,5055,6262,0.5533268534063798,0.853671467703455,0.8514730648904845,0.8683415487358881,0.8646295123495883,0.8398320335932813,0.8720855956563398,0.8308605341246291,0.16913946587537093,0.12791440434366017,0.7037034299334192,4200,855,801,5461,1656,0.9037305386516444,0.9017063168803244,0.8617814360393767,0.8329061006784576,0.8416476315514335,0.8372768661149456,15,17,41
artifact__B1+B3__logistic_regression,artifact,target_artifact_binary,logistic_regression,Regularized logistic regression,B1+B3,B1+B3,2,28,5,11317,17,30,4084,0.7750301911013696,0.9172180206352986,5055,6262,0.5533268534063798,0.8504904126535301,0.8479122340299503,0.8658633264626605,0.8597292191435768,0.8386706948640483,0.8720855956563398,0.8237388724035608,0.17626112759643917,0.12791440434366017,0.6971110016757992,4164,891,801,5461,1692,0.9174010509120214,0.923597692698463,0.8561802243622962,0.8122483833389373,0.8524927263745854,0.8323705548567614,15,17,42
artifact__B1+B2+B3+B4__extra_trees,artifact,target_artifact_binary,extra_trees,Extremely randomized trees,B1+B2+B3+B4,B1+B2+B3+B4,4,52,5,11317,17,30,4084,0.7668472017874373,0.9183899399023321,5055,6262,0.5533268534063798,0.8556154457895202,0.8450888201675533,0.8785491303701501,0.8217463848720801,0.9146666666666666,0.9437879271798147,0.7463897131552918,0.2536102868447082,0.05621207282018524,0.7129206282770807,3773,1282,352,5910,1634,0.9544693140702986,0.9662287387036953,0.8598271805675239,0.9088674303240274,0.7531013313558084,0.8309843808399179,15,17,43
artifact__B3+B4__linear_svm,artifact,target_artifact_binary,linear_svm,Linear support-vector machine,B3+B4,B3+B4,2,21,5,11317,17,30,6915,0.7793151867745524,0.9192761052664161,5055,6262,0.5533268534063798,0.8506671379340814,0.8481481885146493,0.8659581218274112,0.8602269145918688,0.8384630858982096,0.8717662088789524,0.8245301681503462,0.1754698318496538,0.1282337911210476,0.6974921619687496,4168,887,803,5459,1690,0.9022716897898272,0.8971343635805763,0.8596787808948054,0.8301798656232641,0.8311375636915498,0.8306587146574069,15,17,44
artifact__B1+B3__linear_svm,artifact,target_artifact_binary,linear_svm,Linear support-vector machine,B1+B3,B1+B3,2,28,5,11317,17,30,4084,0.7734332605662122,0.9124025874355057,5055,6262,0.5533268534063798,0.8482813466466378,0.8449437376972119,0.8647072728705382,0.8534764349043397,0.8414484451718495,0.8762376237623762,0.8136498516320475,0.18635014836795252,0.12376237623762376,0.692401596694097,4113,942,775,5487,1717,0.9139771677943136,0.9181743830474537,0.856325074885312,0.8144473861340276,0.8427372864176108,0.8285923362758192,15,17,45
artifact__B3__logistic_regression,artifact,target_artifact_binary,logistic_regression,Regularized logistic regression,B3,B3,1,13,5,11317,17,30,7042,0.7805516970719601,0.9159561900526013,5055,6262,0.5533268534063798,0.8489882477688433,0.8464023180340433,0.8645048759216681,0.8584474885844748,0.8368908578332662,0.8706483551580965,0.8221562809099902,0.1778437190900099,0.12935164484190353,0.6940703350771651,4156,899,810,5452,1709,0.9028335546295131,0.9096928830046815,0.8486777282054621,0.814534994612118,0.8406882733538849,0.8276116339830014,15,17,46
artifact__B1+B3+B4__linear_svm,artifact,target_artifact_binary,linear_svm,Linear support-vector machine,B1+B3+B4,B1+B3+B4,3,36,5,11317,17,30,4084,0.7676197867782052,0.9118294964287237,5055,6262,0.5533268534063798,0.8450119289564372,0.8425041724044138,0.8607936507936508,0.855632691700852,0.8314922675235992,0.8660172468859789,0.8189910979228486,0.18100890207715134,0.13398275311402108,0.6860658357586205,4140,915,839,5423,1754,0.903003752083833,0.9013962666629094,0.8521942096111337,0.8146667382681981,0.8359929089720137,0.8253298236201059,15,17,47
artifact__B3__hist_gradient_boosting,artifact,target_artifact_binary,hist_gradient_boosting,Histogram gradient boosting,B3,B3,1,13,5,11317,17,30,7042,0.7517425221558621,0.9019308991234782,5055,6262,0.5533268534063798,0.8437748519925775,0.8315867678468813,0.8701336859115616,0.8056311207834603,0.9145018915510719,0.9458639412328329,0.7173095944609298,0.2826904055390702,0.05413605876716704,0.6910666798216304,3626,1429,339,5923,1768,0.9236162828496883,0.9310057748316963,0.8371589543315296,0.9250159059246165,0.7235022181397881,0.8242590620322023,15,17,48
artifact__B3__linear_svm,artifact,target_artifact_binary,linear_svm,Linear support-vector machine,B3,B3,1,13,5,11317,17,30,7042,0.7650721463750147,0.9097311076804226,5055,6262,0.5533268534063798,0.843333038791199,0.8396525160317314,0.8606241647669208,0.8474996129431801,0.8377933305887196,0.8741616097093581,0.8051434223541049,0.19485657764589515,0.12583839029064198,0.6822924189662392,4070,985,788,5474,1773,0.9051879501150076,0.9116463240558352,0.84734087052074,0.8192619060192643,0.8279193162513262,0.8235906111352953,15,17,49
artifact__B1+B3__hist_gradient_boosting,artifact,target_artifact_binary,hist_gradient_boosting,Histogram gradient boosting,B1+B3,B1+B3,2,28,5,11317,17,30,4084,0.7273708697474457,0.8959969971804674,5055,6262,0.5533268534063798,0.8302553680303968,0.8188554612137772,0.8578616352201258,0.7992554804908314,0.8855807086614174,0.9257425742574258,0.7119683481701286,0.2880316518298714,0.07425742574257425,0.6608536281931511,3599,1456,465,5797,1921,0.9010413240998647,0.9088597205070488,0.818497001459396,0.8968011189220543,0.7319353331961834,0.8143682260591188,15,17,50
artifact__B3+B4__hist_gradient_boosting,artifact,target_artifact_binary,hist_gradient_boosting,Histogram gradient boosting,B3+B4,B3+B4,2,21,5,11317,17,30,6915,0.737677557199641,0.8937311010453934,5055,6262,0.5533268534063798,0.8297251921887426,0.8196918849537869,0.8558821329743475,0.8048952032634689,0.8716730038022814,0.9137655701053976,0.725618199802176,0.27438180019782393,0.08623442989460237,0.6577132588243202,3668,1387,540,5722,1927,0.9071797263003796,0.9185314435324685,0.8249017956766782,0.8940812172172471,0.7237384562407226,0.8089098367289849,15,17,51
artifact__B3+B4__random_forest,artifact,target_artifact_binary,random_forest,Random forest,B3+B4,B3+B4,2,21,5,11317,17,30,6915,0.7160381171486003,0.8988390662874344,5055,6262,0.5533268534063798,0.827604488822126,0.812208504281078,0.859952623645108,0.7810666318946408,0.9254385964912281,0.9565633982753114,0.6678536102868448,0.3321463897131553,0.0434366017246886,0.6641941592954782,3376,1679,272,5990,1951,0.9061549559761184,0.9045320510275942,0.8223623282822551,0.9394712979273667,0.6768793530229531,0.8081753254751599,15,17,52
artifact__B1+B3+B4__hist_gradient_boosting,artifact,target_artifact_binary,hist_gradient_boosting,Histogram gradient boosting,B1+B3+B4,B1+B3+B4,3,36,5,11317,17,30,4084,0.7346400810287478,0.8952884819605021,5055,6262,0.5533268534063798,0.8316691702748078,0.8209528151053834,0.8583116400148754,0.8032855352916609,0.8809869375907112,0.9214308527626957,0.7204747774480712,0.2795252225519288,0.07856914723730438,0.6627505963342764,3642,1413,492,5770,1905,0.8973387436379323,0.9042588237114539,0.8253572452596275,0.8941838499696826,0.7195758354787992,0.806879842724241,15,17,53
artifact__B1+B3+B4__random_forest,artifact,target_artifact_binary,random_forest,Random forest,B1+B3+B4,B1+B3+B4,3,36,5,11317,17,30,4084,0.7157914323181215,0.9023502800146325,5055,6262,0.5533268534063798,0.825041972254131,0.8106746263790732,0.8567293777134588,0.7832759989415189,0.9090183559457302,0.9453848610667518,0.6759643916913947,0.32403560830860534,0.05461513893324817,0.6558632327687499,3417,1638,342,5920,1980,0.9106066579664571,0.9236724993182853,0.8227349727512407,0.9261817130298918,0.6863957680382298,0.8062887405340609,15,17,54
artifact__B3+B4__extra_trees,artifact,target_artifact_binary,extra_trees,Extremely randomized trees,B3+B4,B3+B4,2,21,5,11317,17,30,6915,0.7270995255809339,0.9039462942878117,5055,6262,0.5533268534063798,0.829901917469294,0.816496090118249,0.8597449908925319,0.7905667961945598,0.9060716139076285,0.9421909932928777,0.6908011869436201,0.3091988130563798,0.05780900670712232,0.6640532102528168,3492,1563,362,5900,1925,0.888802318539502,0.8622297951742255,0.8176136760217856,0.9031164774296128,0.6954109738836347,0.7992637256566237,15,17,55
artifact__B1+B3__random_forest,artifact,target_artifact_binary,random_forest,Random forest,B1+B3,B1+B3,2,28,5,11317,17,30,4084,0.6910752327900026,0.8921806806771366,5055,6262,0.5533268534063798,0.8159406203057348,0.798694557883088,0.8523846644461768,0.7662122563383871,0.9284890426758939,0.9603960396039604,0.6369930761622157,0.3630069238377844,0.039603960396039604,0.6442103652843185,3220,1835,248,6014,2083,0.8930030602371044,0.9028222293226495,0.8033388570295705,0.9398304248706891,0.6545885428113408,0.797209483841015,15,17,56
artifact__B3__random_forest,artifact,target_artifact_binary,random_forest,Random forest,B3,B3,1,13,5,11317,17,30,7042,0.7009428971835467,0.8968834987723779,5055,6262,0.5533268534063798,0.8163824335071131,0.7987696816968,0.8531448763250883,0.7652129817444219,0.9340915718868474,0.963909294155222,0.6336300692383778,0.36636993076162216,0.036090705844778026,0.6464224607755165,3203,1852,226,6036,2078,0.9086630583226791,0.9149498130667714,0.8053129026037604,0.9437823649022243,0.6502953007366893,0.7970388328194569,15,17,57
artifact__B3__extra_trees,artifact,target_artifact_binary,extra_trees,Extremely randomized trees,B3,B3,1,13,5,11317,17,30,7042,0.7066021151120119,0.8896454994594064,5055,6262,0.5533268534063798,0.8164707961473889,0.8024909957253981,0.8491538964340184,0.7787398428133742,0.8908136482939633,0.9335675503034174,0.6714144411473788,0.32858555885262114,0.06643244969658256,0.6364493730320975,3394,1661,416,5846,2077,0.883646417671345,0.8766448855222072,0.8055855606002931,0.8864657435982977,0.6848387154162991,0.7856522295072984,15,17,58
artifact__B1+B3+B4__extra_trees,artifact,target_artifact_binary,extra_trees,Extremely randomized trees,B1+B3+B4,B1+B3+B4,3,36,5,11317,17,30,4084,0.702045758140162,0.8889005330337054,5055,6262,0.5533268534063798,0.8197402138375894,0.8068942842403317,0.850593232752307,0.7855790043290043,0.8840764331210191,0.9273395081443628,0.6864490603363007,0.3135509396636993,0.07266049185563718,0.6411137592718958,3470,1585,455,5807,2040,0.8905892417517813,0.8997228018002552,0.8081158911622676,0.871672663781899,0.6942744066011511,0.782973535191525,15,17,59
artifact__B1+B3__extra_trees,artifact,target_artifact_binary,extra_trees,Extremely randomized trees,B1+B3,B1+B3,2,28,5,11317,17,30,4084,0.7044369220164762,0.8875200419314677,5055,6262,0.5533268534063798,0.8154988071043563,0.8034810789397118,0.8460404070196136,0.7858904109589041,0.8693054518297236,0.9161609709358033,0.6908011869436201,0.3091988130563798,0.08383902906419674,0.6306180259966061,3492,1563,525,5737,2088,0.8643142456295978,0.862133778999244,0.8041998162683989,0.8608210528377941,0.7033376804477952,0.7820793666427946,15,17,60
artifact__B1+B4__logistic_regression,artifact,target_artifact_binary,logistic_regression,Regularized logistic regression,B1+B4,B1+B4,2,23,5,11317,17,30,6801,0.733322821205247,0.8549155654594021,5055,6262,0.5533268534063798,0.7919943447910224,0.7940051323022606,0.8048416514674184,0.8368965517241379,0.7447888345115099,0.775151708719259,0.8128585558852621,0.18714144411473788,0.22484829128074096,0.5848392752517622,4109,946,1408,4854,2354,0.8613107936619258,0.8703404880801606,0.7943081664818593,0.7022397261112692,0.8378598783989056,0.7700498022550875,15,17,61
artifact__B1+B4__hist_gradient_boosting,artifact,target_artifact_binary,hist_gradient_boosting,Histogram gradient boosting,B1+B4,B1+B4,2,23,5,11317,17,30,6801,0.7020816006330908,0.8613533989785704,5055,6262,0.5533268534063798,0.7942034107979147,0.7877841665663647,0.82014055139393,0.7940780619111709,0.7943844492440605,0.84797189396359,0.7275964391691395,0.27240356083086054,0.1520281060364101,0.5819797132690423,3678,1377,952,5310,2329,0.8438319968686828,0.8517352153196012,0.7881209115607555,0.8045234608890681,0.7240189908658368,0.7642712258774524,15,17,62
artifact__B1+B4__linear_svm,artifact,target_artifact_binary,linear_svm,Linear support-vector machine,B1+B4,B1+B4,2,23,5,11317,17,30,6801,0.7273293711650527,0.8481837953404737,5055,6262,0.5533268534063798,0.7884598391799947,0.7923936822704957,0.7980769230769231,0.8457275652484805,0.732482963480692,0.755509421909933,0.8292779426310584,0.17072205736894164,0.24449057809006708,0.5814896484421592,4192,863,1531,4731,2394,0.8691186788823422,0.8751502829566663,0.7928897153256806,0.669191429724909,0.8506588991692078,0.7599251644470584,15,17,63
artifact__B4__extra_trees,artifact,target_artifact_binary,extra_trees,Extremely randomized trees,B4,B4,1,8,5,11317,17,30,10888,0.6851819921234167,0.8282904526543396,5055,6262,0.5533268534063798,0.7632764867014227,0.7555100063466671,0.7947598253275109,0.763805036077161,0.7624834290764472,0.8283296071542638,0.6826904055390702,0.31730959446092977,0.17167039284573618,0.5185980506549867,3451,1604,1075,5187,2679,0.8165270494695682,0.8404300796325013,0.7532188851941931,0.8020216706865687,0.6797494692907536,0.7408855699886612,15,17,64
artifact__B1+B4__extra_trees,artifact,target_artifact_binary,extra_trees,Extremely randomized trees,B1+B4,B1+B4,2,23,5,11317,17,30,6801,0.687466155159486,0.8588700116424562,5055,6262,0.5533268534063798,0.7864274984536538,0.7766586235535585,0.8181476186893386,0.7735097453407312,0.8076026119402985,0.8682529543276908,0.6850642927794263,0.3149357072205737,0.13174704567230916,0.5670445218769571,3463,1592,825,5437,2417,0.8702455834747829,0.8906960808054738,0.769190937739753,0.7843945251600644,0.6946636780286293,0.7395291015943468,15,17,65
artifact__B1+B4__random_forest,artifact,target_artifact_binary,random_forest,Random forest,B1+B4,B1+B4,2,23,5,11317,17,30,6801,0.6972664444287883,0.8603557692371765,5055,6262,0.5533268534063798,0.7903154546257842,0.7799621600908057,0.8223403458860522,0.7740662438336857,0.817621980104216,0.8770360907058448,0.6828882294757666,0.31711177052423345,0.12296390929415522,0.5755872015150221,3452,1603,770,5492,2373,0.8620846036934506,0.8668936034425394,0.7785147155806139,0.7957270950748055,0.6826325602566296,0.7391798276657175,15,17,66
artifact__B4__random_forest,artifact,target_artifact_binary,random_forest,Random forest,B4,B4,1,8,5,11317,17,30,10888,0.6775386995064094,0.8118397033603675,5055,6262,0.5533268534063798,0.7535565962710966,0.7466696741465091,0.7846165727083172,0.7596829669508001,0.744708423326134,0.811242414564037,0.6820969337289812,0.3179030662710188,0.18875758543596294,0.49883476198419857,3448,1607,1182,5080,2789,0.7975237099664785,0.8079667309142229,0.7429995572536856,0.7792740697316675,0.6837251922691219,0.7314996310003947,15,17,67
artifact__B1__linear_svm,artifact,target_artifact_binary,linear_svm,Linear support-vector machine,B1,B1,1,15,5,11317,17,30,6801,0.6700204141777056,0.849357687204397,5055,6262,0.5533268534063798,0.7524078819475126,0.7575855939188252,0.7601438109912686,0.8191881918819188,0.691029336950992,0.7090386458000639,0.8061325420375866,0.19386745796241345,0.29096135419993613,0.512688375511325,4075,980,1822,4440,2802,0.8148890786465456,0.8312787822432305,0.7592000430211007,0.6205340196793868,0.8286589102396842,0.7245964649595356,15,17,68
artifact__B1__logistic_regression,artifact,target_artifact_binary,logistic_regression,Regularized logistic regression,B1,B1,1,15,5,11317,17,30,6801,0.6587068014020024,0.8438112013857892,5055,6262,0.5533268534063798,0.7485199257753822,0.752585247995461,0.7586908597591996,0.8087490961677513,0.6909248055315471,0.71446822101565,0.790702274975272,0.209297725024728,0.28553177898435006,0.5024146820656754,3997,1058,1788,4474,2846,0.8071689853009423,0.8268544422413815,0.7529567511338472,0.6321654163109248,0.8138439230653747,0.7230046696881498,15,17,69
artifact__B4__hist_gradient_boosting,artifact,target_artifact_binary,hist_gradient_boosting,Histogram gradient boosting,B4,B4,1,8,5,11317,17,30,10888,0.6608760814465849,0.7936081681554658,5055,6262,0.5533268534063798,0.7323495626049307,0.7246276111290655,0.7671969871647067,0.7395169654763669,0.7217600700525394,0.7970297029702971,0.6522255192878338,0.34777448071216616,0.20297029702970298,0.4552264459794823,3297,1758,1271,4991,3029,0.8006063136226516,0.8238642800075366,0.7153815094095751,0.7767321841024707,0.6598416650424417,0.7182869245724561,15,17,70
artifact__B1__hist_gradient_boosting,artifact,target_artifact_binary,hist_gradient_boosting,Histogram gradient boosting,B1,B1,1,15,5,11317,17,30,6801,0.6427342326210446,0.8146374091380808,5055,6262,0.5533268534063798,0.7352655297340285,0.7315331734188064,0.7621467132422991,0.7578149668455952,0.7066024483243026,0.7665282657297988,0.696538081107814,0.30346191889218593,0.2334717342702012,0.463741388977188,3521,1534,1462,4800,2996,0.7881036797084514,0.8012056221494299,0.7193644438609441,0.691627483893516,0.7075274398028917,0.6995774618482038,15,17,71
artifact__B1__random_forest,artifact,target_artifact_binary,random_forest,Random forest,B1,B1,1,15,5,11317,17,30,6801,0.6433582797528165,0.7976619513980137,5055,6262,0.5533268534063798,0.7304939471591411,0.7183560995134644,0.773604513064133,0.722746185852982,0.7440954467981495,0.8321622484829128,0.6045499505440158,0.39545004945598417,0.16783775151708719,0.4515256758949564,3056,1999,1051,5211,3050,0.7637353689422737,0.7730432447674727,0.7188938131459012,0.7717494169839257,0.6215997397196255,0.6966745783517756,15,17,72
artifact__B1__extra_trees,artifact,target_artifact_binary,extra_trees,Extremely randomized trees,B1,B1,1,15,5,11317,17,30,6801,0.6188461422273513,0.7900085680497052,5055,6262,0.5533268534063798,0.7107890783776619,0.7011985059901606,0.7516880358091191,0.7159994218817748,0.7025920873124147,0.7911210475886298,0.6112759643916914,0.3887240356083086,0.20887895241137017,0.41041439124386836,3090,1965,1308,4954,3273,0.7653142168816288,0.7996291863227978,0.6990741571607382,0.7029202206350766,0.6352805390144736,0.6691003798247751,15,17,73
artifact__B4__logistic_regression,artifact,target_artifact_binary,logistic_regression,Regularized logistic regression,B4,B4,1,8,5,11317,17,30,10888,0.6198200133368372,0.7504818442521015,5055,6262,0.5533268534063798,0.6822479455686136,0.6959603890895455,0.6639880396187628,0.8002252252252252,0.6060782317871165,0.5673906100287448,0.8245301681503462,0.1754698318496538,0.4326093899712552,0.39904732432273216,4168,887,2709,3553,3596,0.7520774514514723,0.7949519000468885,0.6910736757919418,0.5202023616635241,0.8060401050328077,0.6631212333481659,15,17,74
artifact__B4__linear_svm,artifact,target_artifact_binary,linear_svm,Linear support-vector machine,B4,B4,1,8,5,11317,17,30,10888,0.6138733315601604,0.7397685800564795,5055,6262,0.5533268534063798,0.6690819121675355,0.6844254718378893,0.6438421302900618,0.7959087702798024,0.5927236693091733,0.5405621207282019,0.8282888229475767,0.17171117705242334,0.45943787927179813,0.3786125223568466,4187,868,2877,3385,3745,0.751132496230383,0.7970171172930052,0.6780037992143044,0.489677670309631,0.8141673750795823,0.6519225226946066,15,17,75
noise_active__B2+B4__linear_svm,noise_active,target_noise_active_binary,linear_svm,Linear support-vector machine,B2+B4,B2+B4,2,24,2,2847,2,12,2035,0.8856457576337095,0.8926376597836775,834,2013,0.7070600632244468,0.86125746399719,0.8892468737379694,0.8933297326492033,0.978698224852071,0.68971477960242,0.821659215101838,0.9568345323741008,0.04316546762589928,0.17834078489816194,0.7213566002328031,798,36,359,1654,395,0.950342557548596,0.979838921803958,0.8610283501869161,0.8216035232374927,0.9566798941798942,0.8891417087086935,2,2,1
noise_active__B2+B4__logistic_regression,noise_active,target_noise_active_binary,logistic_regression,Regularized logistic regression,B2+B4,B2+B4,2,24,2,2847,2,12,2035,0.8762908777969018,0.8845837861615691,834,2013,0.7070600632244468,0.8521250439058659,0.8803309066606626,0.8859387699810349,0.9743742550655542,0.6766467065868264,0.812220566318927,0.9484412470023981,0.05155875299760192,0.18777943368107303,0.7037093044721611,791,43,378,1635,421,0.9406150191620175,0.9762440940222458,0.851787043048527,0.8120964684697491,0.9487781954887218,0.8804373319792355,2,2,2
noise_active__B2__linear_svm,noise_active,target_noise_active_binary,linear_svm,Linear support-vector machine,B2,B2,1,16,2,2847,2,12,2035,0.844401749210785,0.8756374705169886,834,2013,0.7070600632244468,0.880927291886196,0.8585623304634981,0.915524545228009,0.9185,0.7922077922077922,0.912568306010929,0.8045563549160671,0.19544364508393286,0.08743169398907104,0.7139090169658785,671,163,176,1837,339,0.9573825291480675,0.9824977290791014,0.8813089764227715,0.9125691556787623,0.8074700640490113,0.8600196098638868,2,2,3
noise_active__B2__logistic_regression,noise_active,target_noise_active_binary,logistic_regression,Regularized logistic regression,B2,B2,1,16,2,2847,2,12,2035,0.838806086011489,0.8500111557340473,834,2013,0.7070600632244468,0.8788198103266597,0.8444311614791624,0.9154204461877912,0.9036786060019361,0.8130601792573624,0.9274714356681569,0.7613908872901679,0.23860911270983212,0.07252856433184302,0.7026623261340031,635,199,146,1867,345,0.9556676566347517,0.981583383970536,0.8792234011330589,0.9276086647474855,0.7612085769980508,0.8444086208727681,2,2,4
noise_active__B1+B2+B4__extra_trees,noise_active,target_noise_active_binary,extra_trees,Extremely randomized trees,B1+B2+B4,B1+B2+B4,3,39,2,2847,2,12,1281,0.7724867724867726,0.8489397350307923,834,2013,0.7070600632244468,0.8753073410607657,0.8159633247202536,0.9158169314678681,0.8761343012704175,0.8724727838258165,0.9592647789369101,0.6726618705035972,0.3273381294964029,0.04073522106308992,0.6877970391273052,561,273,82,1931,355,0.9485380399108434,0.9793008020608935,0.8752908984723569,0.9596853490658801,0.6617411584516848,0.8107132537587824,2,2,5
noise_active__B1+B2__extra_trees,noise_active,target_noise_active_binary,extra_trees,Extremely randomized trees,B1+B2,B1+B2,2,31,2,2847,2,12,1281,0.7746302671001466,0.8288632717486932,834,2013,0.7070600632244468,0.8703898840885143,0.8058143649015214,0.9129922188163169,0.8689407540394973,0.875605815831987,0.9617486338797814,0.6498800959232613,0.3501199040767386,0.03825136612021858,0.6748229936877584,542,292,77,1936,369,0.9456029811024504,0.9777238931174519,0.8705631497967787,0.9621331935411261,0.6413603453077137,0.8017467694244199,2,2,6
noise_active__B2+B3__hist_gradient_boosting,noise_active,target_noise_active_binary,hist_gradient_boosting,Histogram gradient boosting,B2+B3,B2+B3,2,29,2,2847,2,12,868,0.6768326605599545,0.9183400267737617,834,2013,0.7070600632244468,0.854935019318581,0.7861070309177398,0.9027548858017425,0.8581020590868398,0.8433931484502447,0.9523099850968704,0.6199040767386091,0.3800959232613909,0.04769001490312966,0.6335656414791744,517,317,96,1917,413,0.9222976313435093,0.9650732809676071,0.8575108873848635,0.9522633306085699,0.6429093567251462,0.797586343666858,2,2,7
noise_active__B2+B3+B4__logistic_regression,noise_active,target_noise_active_binary,logistic_regression,Regularized logistic regression,B2+B3+B4,B2+B3+B4,3,37,2,2847,2,12,868,0.6644348703617451,0.906594632498247,834,2013,0.7070600632244468,0.8363189322093432,0.771538060162898,0.8891004283674441,0.8533576975788031,0.7796352583586627,0.9279682066567313,0.6151079136690647,0.38489208633093525,0.07203179334326876,0.5863133622083642,513,321,145,1868,466,0.8552948996987209,0.9290843204033286,0.8380284717343034,0.9273021288694601,0.6437273739905319,0.785514751429996,2,2,8
noise_active__B1+B2+B4__hist_gradient_boosting,noise_active,target_noise_active_binary,hist_gradient_boosting,Histogram gradient boosting,B1+B2+B4,B1+B2+B4,3,39,2,2847,2,12,1281,0.7423822273219863,0.8210746260932568,834,2013,0.7070600632244468,0.8595012293642431,0.7868780981176311,0.9064108563406644,0.8567005749668288,0.8703071672354948,0.9622454048683556,0.6115107913669064,0.38848920863309355,0.037754595131644315,0.6458523026200274,510,324,76,1937,400,0.8782386907165773,0.9346223699436794,0.859428964445907,0.9626144696781225,0.6008423837371206,0.7817284267076215,2,2,9
noise_active__B2+B3__linear_svm,noise_active,target_noise_active_binary,linear_svm,Linear support-vector machine,B2+B3,B2+B3,2,29,2,2847,2,12,868,0.6371713760803188,0.9199655765920827,834,2013,0.7070600632244468,0.8321039690902705,0.7636415457797696,0.8866761498340445,0.8480725623582767,0.7772585669781932,0.9289617486338798,0.5983213429256595,0.40167865707434053,0.07103825136612021,0.5742181912173733,499,335,143,1870,478,0.7637282126608698,0.8664164686204816,0.8345665946276055,0.9285341957801709,0.6286027568922306,0.7785684763362007,2,2,10
noise_active__B1+B2+B3+B4__hist_gradient_boosting,noise_active,target_noise_active_binary,hist_gradient_boosting,Histogram gradient boosting,B1+B2+B3+B4,B1+B2+B3+B4,4,52,2,2847,2,12,562,0.7407407407407407,0.8148741137504528,834,2013,0.7070600632244468,0.8580962416578855,0.7827243421358294,0.9057835820895522,0.8536263736263736,0.8758741258741258,0.964729259811227,0.6007194244604317,0.39928057553956836,0.03527074018877298,0.6422578124227648,501,333,71,1942,404,0.8943152482484952,0.952802353417763,0.8580711911940401,0.9650934119960668,0.5905214424951267,0.7778074272455968,2,2,11
noise_active__B1+B2+B3__hist_gradient_boosting,noise_active,target_noise_active_binary,hist_gradient_boosting,Histogram gradient boosting,B1+B2+B3,B1+B2+B3,3,44,2,2847,2,12,562,0.7549244597437369,0.7748343942452001,834,2013,0.7070600632244468,0.84966631541974,0.7669313133695725,0.9009259259259259,0.8435197225834417,0.8759259259259259,0.9667163437655241,0.5671462829736211,0.43285371702637887,0.033283656234475906,0.6197460316204201,473,361,67,1946,428,0.9221633125690207,0.9661108933159065,0.8500957556245312,0.9669977846489202,0.5627610693400167,0.7648794269944684,2,2,12
noise_active__B2+B3+B4__linear_svm,noise_active,target_noise_active_binary,linear_svm,Linear support-vector machine,B2+B3+B4,B2+B3+B4,3,37,2,2847,2,12,868,0.6443195932308647,0.8769681902212023,834,2013,0.7070600632244468,0.8022479803301721,0.7453378578806106,0.863249939276172,0.8445817490494296,0.6823687752355316,0.882762046696473,0.6079136690647482,0.3920863309352518,0.11723795330352707,0.50848974982223,507,327,236,1777,563,0.7561807483968117,0.8606193232414792,0.8032192270179089,0.8816504957884636,0.6396372876636034,0.7606438917260334,2,2,13
noise_active__B2+B3__logistic_regression,noise_active,target_noise_active_binary,logistic_regression,Regularized logistic regression,B2+B3,B2+B3,2,29,2,2847,2,12,868,0.6664014386999948,0.8542104927647096,834,2013,0.7070600632244468,0.8429926238145417,0.750624537627722,0.8976414014197389,0.832625318606627,0.8924949290060852,0.9736711376055638,0.5275779376498801,0.4724220623501199,0.026328862394436166,0.6028812930958055,440,394,53,1960,447,0.859820638273286,0.9293704170070011,0.8448447602700131,0.9734454040350191,0.5471665274296853,0.7603059657323522,2,2,14
noise_active__B2__hist_gradient_boosting,noise_active,target_noise_active_binary,hist_gradient_boosting,Histogram gradient boosting,B2,B2,1,16,2,2847,2,12,2035,0.6814450395901257,0.8363374131446422,834,2013,0.7070600632244468,0.8401826484018264,0.7521488025674841,0.8951371283705923,0.8349097162510748,0.8637236084452975,0.964729259811227,0.539568345323741,0.460431654676259,0.03527074018877298,0.593564750058375,450,384,71,1942,455,0.9080806889510746,0.9546299776781081,0.8421781291781913,0.9648549952020471,0.5529274575327208,0.7588912263673839,2,2,15
noise_active__B1+B2__logistic_regression,noise_active,target_noise_active_binary,logistic_regression,Regularized logistic regression,B1+B2,B1+B2,2,31,2,2847,2,12,1281,0.7469640466628418,0.7573765130965273,834,2013,0.7070600632244468,0.7586933614330874,0.7573765130965273,0.8167511336356361,0.8819124423963134,0.5661566156615662,0.7605563835072032,0.7541966426858513,0.24580335731414868,0.23944361649279683,0.48025504013884635,629,205,482,1531,687,0.8277390010495329,0.9032153644573042,0.7607124752087799,0.7620644821172595,0.7399227234753551,0.7509936027963073,2,2,16
noise_active__B1+B2__linear_svm,noise_active,target_noise_active_binary,linear_svm,Linear support-vector machine,B1+B2,B1+B2,2,31,2,2847,2,12,1281,0.732628928412061,0.7546447239041556,834,2013,0.7070600632244468,0.743940990516333,0.7497534014517149,0.8024925494445949,0.8825983313468415,0.5449101796407185,0.7357178340784898,0.7637889688249401,0.23621103117505995,0.26428216592151016,0.4621075735555542,637,197,532,1481,729,0.822188746767117,0.9114976415659468,0.7454775478259323,0.7369951783535321,0.7502784739626844,0.7436368261581083,2,2,17
noise_active__B1+B2__hist_gradient_boosting,noise_active,target_noise_active_binary,hist_gradient_boosting,Histogram gradient boosting,B1+B2,B1+B2,2,31,2,2847,2,12,1281,0.7041317342027635,0.7682874354561102,834,2013,0.7070600632244468,0.8331577098700387,0.7338379668843167,0.8919226393629124,0.8228379513014273,0.886021505376344,0.9736711376055638,0.4940047961630695,0.5059952038369304,0.026328862394436166,0.5757747027375403,412,422,53,1960,475,0.9327348851172415,0.9700833885981202,0.8343131238567876,0.9738289440949639,0.4985902255639098,0.7362095848294369,2,2,18
noise_active__B3+B4__linear_svm,noise_active,target_noise_active_binary,linear_svm,Linear support-vector machine,B3+B4,B3+B4,2,21,2,2847,2,12,916,0.7273585882109403,0.7433543698603939,834,2013,0.7070600632244468,0.7291886195995785,0.7344053222399726,0.7903181941800381,0.8731971153846154,0.5266272189349113,0.7218082463984103,0.7470023980815348,0.2529976019184652,0.27819175360158965,0.4329456130406016,623,211,560,1453,771,0.7953142701933833,0.8900171307655109,0.7292643122048399,0.7217572354314011,0.7489557226399333,0.7353564790356673,2,2,19
noise_active__B2+B4__hist_gradient_boosting,noise_active,target_noise_active_binary,hist_gradient_boosting,Histogram gradient boosting,B2+B4,B2+B4,2,24,2,2847,2,12,2035,0.6952077834704756,0.7724867724867726,834,2013,0.7070600632244468,0.8324552160168599,0.731234386559307,0.8917139614074915,0.8210702341137124,0.8923076923076924,0.9756582215598609,0.486810551558753,0.513189448441247,0.024341778440139097,0.5743822894223044,406,428,49,1964,477,0.9246483588092269,0.9658830126337384,0.8338788142904152,0.9759095378564405,0.49178501810080755,0.733847277978624,2,2,20
noise_active__B1+B2+B3+B4__logistic_regression,noise_active,target_noise_active_binary,logistic_regression,Regularized logistic regression,B1+B2+B3+B4,B1+B2+B3+B4,4,52,2,2847,2,12,562,0.6862688850640657,0.7643546550742639,834,2013,0.7070600632244468,0.743940990516333,0.737463680322508,0.8061685721882478,0.8672768878718535,0.5477707006369427,0.7531048186785891,0.7218225419664268,0.27817745803357313,0.24689518132141083,0.443979116347336,602,232,497,1516,729,0.7938591004990344,0.878328883340659,0.7461379058867474,0.755239246069825,0.6953842940685047,0.7253117700691648,2,2,21
noise_active__B2+B3+B4__hist_gradient_boosting,noise_active,target_noise_active_binary,hist_gradient_boosting,Histogram gradient boosting,B2+B3+B4,B2+B3+B4,3,37,2,2847,2,12,868,0.6848477203332817,0.7627255051953847,834,2013,0.7070600632244468,0.8261327713382508,0.7211452894316439,0.8879837067209776,0.8154613466334164,0.8843537414965986,0.9746646795827124,0.4676258992805755,0.5323741007194245,0.02533532041728763,0.5563466728814752,390,444,51,1962,495,0.9343562407897824,0.9722063801355929,0.8275731730093652,0.9749158877397496,0.4726573377889168,0.7237866127643332,2,2,22
noise_active__B1+B2+B3__logistic_regression,noise_active,target_noise_active_binary,logistic_regression,Regularized logistic regression,B1+B2+B3,B1+B2+B3,3,44,2,2847,2,12,562,0.7187289758319102,0.7268787056792718,834,2013,0.7070600632244468,0.7513171759747103,0.7268787056792718,0.8171487603305785,0.8509951586874663,0.5637651821862348,0.7858917039244908,0.6678657074340527,0.33213429256594723,0.21410829607550919,0.43382090614565566,557,277,431,1582,708,0.8285883960491816,0.9083356650264199,0.7534618771066979,0.7873455473812654,0.6553188526872737,0.7213322000342696,2,2,23
noise_active__B4__hist_gradient_boosting,noise_active,target_noise_active_binary,hist_gradient_boosting,Histogram gradient boosting,B4,B4,1,8,2,2847,2,12,2751,0.6692802957863199,0.7602403871034519,834,2013,0.7070600632244468,0.6252195293291184,0.7142557191206796,0.6532336691582711,0.9445488721804511,0.4346606842400449,0.4992548435171386,0.9292565947242206,0.07074340527577938,0.5007451564828614,0.403107470058066,775,59,1008,1005,1067,0.6785245425120411,0.8682726514819407,0.6223811726061835,0.4980600869554916,0.9314605959342801,0.7147603414448859,2,2,24
noise_active__B1+B2__random_forest,noise_active,target_noise_active_binary,random_forest,Random forest,B1+B2,B1+B2,2,31,2,2847,2,12,1281,0.6999010246856079,0.7275132275132274,834,2013,0.7070600632244468,0.8303477344573235,0.7125384640126944,0.8925950633755837,0.8079710144927537,0.9834710743801653,0.9970193740685543,0.42805755395683454,0.5719424460431655,0.0029806259314456036,0.5800204926104742,357,477,6,2007,483,0.9428213018259014,0.9755652161009689,0.8310105924101068,0.9970501474926254,0.43036410470620995,0.7137071260994177,2,2,25
noise_active__B1+B2+B3__linear_svm,noise_active,target_noise_active_binary,linear_svm,Linear support-vector machine,B1+B2+B3,B1+B2+B3,3,44,2,2847,2,12,562,0.7077284841898257,0.7153162715729056,834,2013,0.7070600632244468,0.740428521250439,0.7153162715729056,0.8086979031840539,0.8443243243243244,0.5476429287863591,0.7759562841530054,0.6546762589928058,0.34532374100719426,0.22404371584699453,0.410845293312375,546,288,451,1562,739,0.8327519802339947,0.9235819395293687,0.7421564878141333,0.7770980677873738,0.645067529935951,0.7110827988616624,2,2,26
noise_active__B2+B4__extra_trees,noise_active,target_noise_active_binary,extra_trees,Extremely randomized trees,B2+B4,B2+B4,2,24,2,2847,2,12,2035,0.7106362883610206,0.7115788740095852,834,2013,0.7070600632244468,0.8240252897787145,0.7115788740095852,0.8876429692756224,0.8090760425183974,0.9152119700748129,0.9831097863884749,0.44004796163069543,0.5599520383693045,0.01689021361152509,0.5536136598081945,367,467,34,1979,501,0.955763556070196,0.9829835886317595,0.82455820489332,0.9832530712821789,0.43884015594541914,0.711046613613799,2,2,27
noise_active__B1+B2+B4__logistic_regression,noise_active,target_noise_active_binary,logistic_regression,Regularized logistic regression,B1+B2+B4,B1+B2+B4,3,39,2,2847,2,12,1281,0.6530646395104227,0.7586037364798427,834,2013,0.7070600632244468,0.7277836318932209,0.7200686544653994,0.7932782075220058,0.8565668202764977,0.5265526552655265,0.7386984600099354,0.7014388489208633,0.29856115107913667,0.26130153999006456,0.4106399578268602,585,249,526,1487,775,0.7772914306408822,0.8616471426729689,0.729985443959243,0.7410334553553447,0.6706349206349207,0.7058341879951326,2,2,28
noise_active__B1+B2+B3+B4__linear_svm,noise_active,target_noise_active_binary,linear_svm,Linear support-vector machine,B1+B2+B3+B4,B1+B2+B3+B4,4,52,2,2847,2,12,562,0.6457656020909033,0.7573616933188427,834,2013,0.7070600632244468,0.7344573234984194,0.7149562019534894,0.8023012552301255,0.8470458310325787,0.5376447876447876,0.762046696472926,0.6678657074340527,0.33213429256594723,0.23795330352707403,0.40667341766588266,557,277,479,1534,756,0.7751122499913632,0.8691394571056452,0.736239205257962,0.764099169539515,0.6390281258702311,0.701563647704873,2,2,29
noise_active__B1+B2+B3__extra_trees,noise_active,target_noise_active_binary,extra_trees,Extremely randomized trees,B1+B2+B3,B1+B2+B3,3,44,2,2847,2,12,562,0.6904761904761905,0.7125672773378875,834,2013,0.7070600632244468,0.8243765367053039,0.7026977523793185,0.8891843971631206,0.8027210884353742,0.9798850574712644,0.9965226030799801,0.4088729016786571,0.5911270983213429,0.003477396920019871,0.5632628281246983,341,493,7,2006,500,0.9290829631376867,0.9680015969021253,0.8245552403229011,0.996558505408063,0.40648496240601506,0.701521733907039,2,2,30
noise_active__B3+B4__logistic_regression,noise_active,target_noise_active_binary,logistic_regression,Regularized logistic regression,B3+B4,B3+B4,2,21,2,2847,2,12,916,0.6590887358959647,0.7360949386741189,834,2013,0.7070600632244468,0.7337548296452406,0.7025208447251141,0.8051413881748072,0.8343100692594566,0.5391752577319587,0.7779433681073026,0.6270983213429256,0.37290167865707435,0.22205663189269748,0.38894360494739305,523,311,447,1566,758,0.7882486857012154,0.8846382718108428,0.7335303290376708,0.7782768241106017,0.616906850459482,0.6975918372850418,2,2,31
noise_active__B1+B2+B4__linear_svm,noise_active,target_noise_active_binary,linear_svm,Linear support-vector machine,B1+B2+B4,B1+B2+B4,3,39,2,2847,2,12,1281,0.6455823293172691,0.7465035191222895,834,2013,0.7070600632244468,0.7186512118018967,0.7100992827198748,0.7860005343307508,0.8502890173410405,0.5147717099373321,0.7307501241927471,0.6894484412470024,0.3105515587529976,0.26924987580725285,0.3916605595420144,575,259,542,1471,801,0.7709581961852277,0.8583816120543044,0.7209153407625468,0.7330946203693831,0.6589912280701754,0.6960429242197792,2,2,32
noise_active__B2__extra_trees,noise_active,target_noise_active_binary,extra_trees,Extremely randomized trees,B2,B2,1,16,2,2847,2,12,2035,0.663073151167003,0.7069866768661949,834,2013,0.7070600632244468,0.8106779065683175,0.6831789411987548,0.8809891808346213,0.7929252782193958,0.945619335347432,0.9910581222056631,0.3752997601918465,0.6247002398081535,0.00894187779433681,0.5201650129357319,313,521,18,1995,539,0.9573143273756552,0.982830213168338,0.8115615281767596,0.9911089786876117,0.3789508493455862,0.685029914016599,2,2,33
noise_active__B4__linear_svm,noise_active,target_noise_active_binary,linear_svm,Linear support-vector machine,B4,B4,1,8,2,2847,2,12,2751,0.6390721616625231,0.7186416446721524,834,2013,0.7070600632244468,0.5802599227256762,0.6782487571790555,0.5980491086444669,0.9260416666666667,0.40434552199258084,0.4416294088425236,0.9148681055155875,0.08513189448441247,0.5583705911574764,0.3431941309707759,763,71,1124,889,1195,0.7687239180339782,0.872990233406097,0.5776606278367233,0.4405424056106432,0.9171714007240324,0.6788569031673377,2,2,34
noise_active__B4__logistic_regression,noise_active,target_noise_active_binary,logistic_regression,Regularized logistic regression,B4,B4,1,8,2,2847,2,12,2751,0.6345540893733664,0.7162610619469026,834,2013,0.7070600632244468,0.5788549350193186,0.6744461360866597,0.5983249581239531,0.918724279835391,0.4026666666666667,0.44361649279682064,0.9052757793764988,0.09472422062350119,0.5563835072031793,0.3348593997202955,755,79,1120,893,1199,0.7909976043010599,0.879654420927562,0.5760827352312513,0.44241568042079826,0.9083994708994709,0.6754075756601345,2,2,35
noise_active__B1+B4__extra_trees,noise_active,target_noise_active_binary,extra_trees,Extremely randomized trees,B1+B4,B1+B4,2,23,2,2847,2,12,1695,0.6292630840823612,0.7207020131449567,834,2013,0.7070600632244468,0.7534246575342466,0.6851794272480674,0.8297769156159069,0.8105163429654192,0.5896739130434783,0.8499751614505713,0.5203836930455635,0.47961630695443647,0.15002483854942872,0.3849857202494272,434,400,302,1711,702,0.7793890074229737,0.8913639067584862,0.7547648058058147,0.8514618947767472,0.49850320245057084,0.674982548613659,2,2,36
noise_active__B1+B4__random_forest,noise_active,target_noise_active_binary,random_forest,Random forest,B1+B4,B1+B4,2,23,2,2847,2,12,1695,0.5986565308854466,0.7376701340371578,834,2013,0.7070600632244468,0.7351598173515982,0.682095158448502,0.8122509960159362,0.8142785821268098,0.54739336492891,0.8102334823646299,0.5539568345323741,0.4460431654676259,0.18976651763537009,0.3629289476067995,462,372,382,1631,754,0.7641031734969699,0.89611682000252,0.7365023108826416,0.8120994301690538,0.5242272347535505,0.6681633324613021,2,2,37
noise_active__B4__random_forest,noise_active,target_noise_active_binary,random_forest,Random forest,B4,B4,1,8,2,2847,2,12,2751,0.5738336438441236,0.7517211703958692,834,2013,0.7070600632244468,0.6993326308394802,0.6483326006854724,0.7839475012619889,0.7968188814776809,0.48775055679287305,0.771485345255837,0.5251798561151079,0.4748201438848921,0.22851465474416294,0.290554383392422,438,396,460,1553,856,0.7349819101499724,0.8788185478466257,0.6991398298929494,0.7699470448164338,0.5556077694235588,0.6627774071199963,2,2,38
noise_active__B1+B2+B3+B4__extra_trees,noise_active,target_noise_active_binary,extra_trees,Extremely randomized trees,B1+B2+B3+B4,B1+B2+B3+B4,4,52,2,2847,2,12,562,0.6284026807431559,0.6917989417989419,834,2013,0.7070600632244468,0.7987355110642782,0.6571770899226967,0.8752992383025027,0.778853601859024,0.9924528301886792,0.9990064580228515,0.31534772182254195,0.684652278177458,0.0009935419771485345,0.4924057278869047,263,571,2,2011,573,0.9173528539314599,0.9627361122807089,0.7998003361822854,0.9990167158308751,0.3211849067112225,0.6601008112710488,2,2,39
noise_active__B1+B2+B4__random_forest,noise_active,target_noise_active_binary,random_forest,Random forest,B1+B2+B4,B1+B2+B4,3,39,2,2847,2,12,1281,0.6453028773999896,0.6746031746031746,834,2013,0.7070600632244468,0.7980330172110994,0.658787128270558,0.8744815542457979,0.7799844236760125,0.96415770609319,0.9950322901142573,0.3225419664268585,0.6774580335731415,0.004967709885742673,0.48612794984692764,269,565,10,2003,575,0.934888750698398,0.9733158360514824,0.7988034993789226,0.9950835791543756,0.3248224728487886,0.6599530260015821,2,2,40
noise_active__B1+B3+B4__hist_gradient_boosting,noise_active,target_noise_active_binary,hist_gradient_boosting,Histogram gradient boosting,B1+B3+B4,B1+B3+B4,3,36,2,2847,2,12,562,0.5555555555555556,0.763342260518553,834,2013,0.7070600632244468,0.7323498419388831,0.6769478604895517,0.8107302533532041,0.8107302533532041,0.5431654676258992,0.8107302533532041,0.5431654676258992,0.4568345323741007,0.18926974664679583,0.35389572097910343,453,381,381,1632,762,0.7625616347458545,0.8849403108453195,0.7331264063180924,0.8126843657817109,0.5062134502923976,0.6594489080370542,2,2,41
noise_active__B3+B4__hist_gradient_boosting,noise_active,target_noise_active_binary,hist_gradient_boosting,Histogram gradient boosting,B3+B4,B3+B4,2,21,2,2847,2,12,916,0.5550535475234271,0.7631902396108265,834,2013,0.7070600632244468,0.730593607305936,0.6767593376863339,0.8089663760896637,0.8111888111888111,0.5396449704142012,0.8067560854446101,0.5467625899280576,0.45323741007194246,0.19324391455538997,0.3521736698679796,456,378,389,1624,767,0.7757638896334499,0.8991510372767411,0.7314047320473027,0.8087408631576454,0.5095029239766082,0.6591218935671268,2,2,42
noise_active__B1+B4__hist_gradient_boosting,noise_active,target_noise_active_binary,hist_gradient_boosting,Histogram gradient boosting,B1+B4,B1+B4,2,23,2,2847,2,12,1695,0.5713409192324854,0.7320647673756664,834,2013,0.7070600632244468,0.6782578152441167,0.6653827459641825,0.7537634408602151,0.8213239601640304,0.46403508771929824,0.6964729259811226,0.6342925659472423,0.3657074340527578,0.3035270740188773,0.3072245528100563,529,305,611,1402,916,0.7166299747087576,0.8620841041257961,0.6788221465268576,0.6980206963547405,0.6053849902534113,0.6517028433040759,2,2,43
noise_active__B4__extra_trees,noise_active,target_noise_active_binary,extra_trees,Extremely randomized trees,B4,B4,1,8,2,2847,2,12,2751,0.4917746985457745,0.7947823038184484,834,2013,0.7070600632244468,0.7038988408851422,0.6287378442998209,0.794640682095006,0.7796367112810707,0.49403973509933774,0.8102334823646299,0.447242206235012,0.552757793764988,0.18976651763537009,0.2654525032567948,373,461,382,1631,843,0.7913892432998458,0.9113843083454812,0.7070500449132419,0.8101402660790655,0.47641673628515735,0.6432785011821114,2,2,44
noise_active__B2__random_forest,noise_active,target_noise_active_binary,random_forest,Random forest,B2,B2,1,16,2,2847,2,12,2035,0.6028049474719246,0.656084656084656,834,2013,0.7070600632244468,0.7804706708816298,0.6270554346388761,0.8653307476836889,0.7640791476407914,0.9771689497716894,0.9975161450571287,0.2565947242206235,0.7434052757793765,0.0024838549428713363,0.43400368475851153,214,620,5,2008,625,0.9551232337527891,0.9818391040827112,0.7814889258472001,0.9975417895771879,0.2613478139793929,0.6294448017782903,2,2,45
noise_active__B2+B3+B4__extra_trees,noise_active,target_noise_active_binary,extra_trees,Extremely randomized trees,B2+B3+B4,B2+B3+B4,3,37,2,2847,2,12,868,0.6130518035501734,0.6402116402116402,834,2013,0.7070600632244468,0.7801194239550404,0.6254025095869653,0.8653184165232358,0.7631878557874763,0.9905660377358491,0.9990064580228515,0.2517985611510791,0.7482014388489209,0.0009935419771485345,0.43479335289024656,210,624,2,2011,626,0.9475102481353219,0.9796239959458857,0.7808559900627599,0.9990167158308751,0.25424672793093844,0.6266317218809068,2,2,46
noise_active__B1+B3+B4__linear_svm,noise_active,target_noise_active_binary,linear_svm,Linear support-vector machine,B1+B3+B4,B1+B3+B4,3,36,2,2847,2,12,562,0.5512605979473449,0.6962492884127723,834,2013,0.7070600632244468,0.6726378644186863,0.6410427544700454,0.7560209424083769,0.7991145545102379,0.4528846153846154,0.7173373075012419,0.564748201438849,0.4352517985611511,0.2826626924987581,0.26661829286879424,471,363,569,1444,932,0.6510279109052549,0.7800000732393735,0.6749318889946252,0.7199757732996884,0.5275341130604289,0.6237549431800586,2,2,47
noise_active__B2+B3__extra_trees,noise_active,target_noise_active_binary,extra_trees,Extremely randomized trees,B2+B3,B2+B3,2,29,2,2847,2,12,868,0.6047715158101744,0.6402116402116402,834,2013,0.7070600632244468,0.7776606954689147,0.620854732011708,0.8640755851406485,0.7609682299546142,0.9950738916256158,0.9995032290114257,0.2422062350119904,0.7577937649880095,0.0004967709885742673,0.42748395991695853,202,632,1,2012,633,0.9369130626944049,0.9735178140473429,0.7784798868719928,0.9995083579154376,0.24547479810637704,0.6224915780109073,2,2,48
noise_active__B1+B3+B4__logistic_regression,noise_active,target_noise_active_binary,logistic_regression,Regularized logistic regression,B1+B3+B4,B1+B3+B4,3,36,2,2847,2,12,562,0.5456906993051571,0.6883830150597733,834,2013,0.7070600632244468,0.6613979627678258,0.6341478233210749,0.7451084082496033,0.7964951950254381,0.4397031539888683,0.6999503229011426,0.5683453237410072,0.4316546762589928,0.30004967709885744,0.2517359505207818,474,360,604,1409,964,0.6756008010283278,0.8051910388795074,0.6636783796843919,0.7025713473362476,0.5315023670286828,0.6170368571824651,2,2,49
noise_active__B2+B4__random_forest,noise_active,target_noise_active_binary,random_forest,Random forest,B2+B4,B2+B4,2,24,2,2847,2,12,2035,0.5992063492063492,0.603296589556487,834,2013,0.7070600632244468,0.7657182999648753,0.6015244436343623,0.8576307363927428,0.7518712574850299,0.9771428571428571,0.998012916045703,0.20503597122302158,0.7949640287769785,0.001987083954297069,0.3847408280627192,171,663,4,2009,667,0.947694899222202,0.9792304589663219,0.7661806253464842,0.9980334316617503,0.20446950710108602,0.6012514693814182,2,2,50
noise_active__B2+B3__random_forest,noise_active,target_noise_active_binary,random_forest,Random forest,B2+B3,B2+B3,2,29,2,2847,2,12,868,0.5714285714285714,0.6052631578947368,834,2013,0.7070600632244468,0.7597471022128557,0.5899280575539568,0.8547770700636943,0.746384872080089,1.0,1.0,0.17985611510791366,0.8201438848920863,0.0,0.3663903430327305,150,684,0,2013,684,0.9435447171324043,0.9774716902425085,0.7598964772009712,1.0,0.17669172932330826,0.5883458646616542,2,2,51
noise_active__B2+B3+B4__random_forest,noise_active,target_noise_active_binary,random_forest,Random forest,B2+B3+B4,B2+B3+B4,3,37,2,2847,2,12,868,0.5634920634920635,0.6052631578947368,834,2013,0.7070600632244468,0.7576396206533192,0.5863309352517986,0.8536895674300254,0.7447280799112098,1.0,1.0,0.17266187050359713,0.8273381294964028,0.0,0.35858910091359697,144,690,0,2013,690,0.9525553923478207,0.981713072404738,0.757713071087434,1.0,0.16875522138680032,0.5843776106934002,2,2,52
noise_active__B1+B4__linear_svm,noise_active,target_noise_active_binary,linear_svm,Linear support-vector machine,B1+B4,B1+B4,2,23,2,2847,2,12,1695,0.5272518646012622,0.628596749987062,834,2013,0.7070600632244468,0.613277133825079,0.5937985825944312,0.7008964955175224,0.7733812949640287,0.38676844783715014,0.6408345752608048,0.5467625899280576,0.45323741007194246,0.3591654247391952,0.1733310063295848,456,378,723,1290,1101,0.6230324235395588,0.7763756100203698,0.6161963375697045,0.6436305694755423,0.5122180451127819,0.5779243072941621,2,2,53
noise_active__B1+B2+B3+B4__random_forest,noise_active,target_noise_active_binary,random_forest,Random forest,B1+B2+B3+B4,B1+B2+B3+B4,4,52,2,2847,2,12,562,0.548941798941799,0.6052631578947368,834,2013,0.7070600632244468,0.753775904460836,0.579736211031175,0.851702982864396,0.7417096536477524,1.0,1.0,0.15947242206235013,0.8405275779376499,0.0,0.34392184422370425,133,701,0,2013,701,0.944040296823644,0.9770036110785081,0.7537101598792827,1.0,0.1542049568365358,0.5771024784182679,2,2,54
noise_active__B1+B4__logistic_regression,noise_active,target_noise_active_binary,logistic_regression,Regularized logistic regression,B1+B4,B1+B4,2,23,2,2847,2,12,1695,0.504884617836425,0.6452317186772241,834,2013,0.7070600632244468,0.5964172813487882,0.5917078557720142,0.6787811014816886,0.7762148337595908,0.37724084177708495,0.6030799801291604,0.580335731414868,0.4196642685851319,0.3969200198708395,0.16776823870753654,484,350,799,1214,1149,0.6597333161786516,0.8025384242842917,0.5985334270137586,0.6056127163521342,0.5445036201615149,0.5750581682568245,2,2,55
noise_active__B1+B2+B3__random_forest,noise_active,target_noise_active_binary,random_forest,Random forest,B1+B2+B3,B1+B2+B3,3,44,2,2847,2,12,562,0.5238095238095238,0.6052631578947368,834,2013,0.7070600632244468,0.7471022128556375,0.5683453237410072,0.8482932996207333,0.7365532381997805,1.0,1.0,0.1366906474820144,0.8633093525179856,0.0,0.3173010227441796,114,720,0,2013,720,0.9454224995562417,0.9772798691583999,0.7467960405197485,1.0,0.12907268170426064,0.5645363408521303,2,2,56
noise_active__B3+B4__random_forest,noise_active,target_noise_active_binary,random_forest,Random forest,B3+B4,B3+B4,2,21,2,2847,2,12,916,0.5460526315789473,0.5555555555555556,834,2013,0.7070600632244468,0.7365648050579557,0.5503597122302158,0.842964824120603,0.7285559174809989,1.0,1.0,0.10071942446043165,0.8992805755395683,0.0,0.2708869371083219,84,750,0,2013,750,0.7998429870112852,0.9150346574532195,0.7371997260736933,1.0,0.10160818713450293,0.5508040935672515,2,2,57
noise_active__B1+B3+B4__extra_trees,noise_active,target_noise_active_binary,extra_trees,Extremely randomized trees,B1+B3+B4,B1+B3+B4,3,36,2,2847,2,12,562,0.5357142857142857,0.5646929824561404,834,2013,0.7070600632244468,0.7372672989111345,0.5515587529976019,0.8433179723502304,0.7290836653386454,1.0,1.0,0.10311750599520383,0.8968824940047961,0.0,0.27419206631768717,86,748,0,2013,748,0.7770510864036044,0.900314876610623,0.737511747110285,1.0,0.10040726817042607,0.550203634085213,2,2,58
noise_active__B1__extra_trees,noise_active,target_noise_active_binary,extra_trees,Extremely randomized trees,B1,B1,1,15,2,2847,2,12,1695,0.5391372975210889,0.5612051380123669,834,2013,0.7070600632244468,0.6357569371268001,0.5514068625874263,0.7456463085602159,0.7364341085271318,0.37037037037037035,0.7550919026328863,0.34772182254196643,0.6522781774580336,0.24490809736711375,0.10479010612081247,290,544,493,1520,1037,0.5903277378097521,0.8025465832310711,0.6370157744791991,0.7556612882207295,0.34468114731272625,0.550171217766728,2,2,59
noise_active__B3+B4__extra_trees,noise_active,target_noise_active_binary,extra_trees,Extremely randomized trees,B3+B4,B3+B4,2,21,2,2847,2,12,916,0.5396825396825397,0.5587188842312271,834,2013,0.7070600632244468,0.7362135581313664,0.5501113267359287,0.8427225130890053,0.7284576393917451,0.9882352941176471,0.9995032290114257,0.10071942446043165,0.8992805755395683,0.0004967709885742673,0.26800908104174515,84,750,1,2012,751,0.8098463107308489,0.9157458095995805,0.7365667902892531,0.9995083579154376,0.09889306599832914,0.5492007119568834,2,2,60
noise_active__B1__logistic_regression,noise_active,target_noise_active_binary,logistic_regression,Regularized logistic regression,B1,B1,1,15,2,2847,2,12,1695,0.5036495187097596,0.5738433473063189,834,2013,0.7070600632244468,0.5289778714436248,0.5489337293205674,0.6005361930294906,0.75,0.3313373253493014,0.5007451564828614,0.5971223021582733,0.4028776978417266,0.4992548435171386,0.08922038626123112,498,336,1005,1008,1341,0.5223773291352016,0.7602104676183713,0.5306210478570603,0.5024789423179443,0.5750139236981342,0.5387464330080393,2,2,61
noise_active__B1__hist_gradient_boosting,noise_active,target_noise_active_binary,hist_gradient_boosting,Histogram gradient boosting,B1,B1,1,15,2,2847,2,12,1695,0.5137932683113406,0.5620762821508047,834,2013,0.7070600632244468,0.6297857393747804,0.5464820394057333,0.7406496062992126,0.7337883959044369,0.36180904522613067,0.7476403378042722,0.34532374100719426,0.6546762589928058,0.25235966219572775,0.09427156544492409,288,546,508,1505,1054,0.5753620650424518,0.7562516952887086,0.631734392277887,0.7492195922332398,0.3266499582289056,0.5379347752310727,2,2,62
noise_active__B1__random_forest,noise_active,target_noise_active_binary,random_forest,Random forest,B1,B1,1,15,2,2847,2,12,1695,0.5095939312806782,0.5587900429539927,834,2013,0.7070600632244468,0.6308394801545486,0.541960172547506,0.743470832316329,0.730806142034549,0.3577981651376147,0.756582215598609,0.3273381294964029,0.6726618705035972,0.24341778440139095,0.08623052843855482,273,561,490,1523,1051,0.5489018621168639,0.7659764969757106,0.632508145157226,0.7579551243321367,0.3104288499025341,0.5341919871173354,2,2,63
noise_active__B1+B3+B4__random_forest,noise_active,target_noise_active_binary,random_forest,Random forest,B1+B3+B4,B1+B3+B4,3,36,2,2847,2,12,562,0.5,0.5555555555555556,834,2013,0.7070600632244468,0.7218124341412012,0.5251798561151079,0.8356164383561644,0.7176470588235294,1.0,1.0,0.050359712230215826,0.9496402877697842,0.0,0.19010654740227573,42,792,0,2013,792,0.797465157531203,0.9119699968915247,0.7229431069290904,1.0,0.05555555555555555,0.5277777777777778,2,2,64
noise_active__B1__linear_svm,noise_active,target_noise_active_binary,linear_svm,Linear support-vector machine,B1,B1,1,15,2,2847,2,12,1695,0.49664583656782074,0.5241441958309428,834,2013,0.7070600632244468,0.539866526167896,0.5151997626935709,0.6385209713024282,0.718187461204221,0.3074433656957929,0.5747640337804272,0.4556354916067146,0.5443645083932853,0.42523596621957277,0.027913526703740064,380,454,856,1157,1310,0.4734001174619172,0.6710563379232639,0.5423422181508789,0.5762933740863158,0.4444966583124478,0.5103950161993818,2,2,65
noise_active__B1+B3__random_forest,noise_active,target_noise_active_binary,random_forest,Random forest,B1+B3,B1+B3,2,28,2,2847,2,12,562,0.5,0.5,834,2013,0.7070600632244468,0.7070600632244468,0.5,0.828395061728395,0.7070600632244468,,1.0,0.0,1.0,0.0,,0,834,0,2013,834,0.5240531866608055,0.733400291926712,0.7076592641343307,1.0,0.0,0.5,2,2,66
noise_active__B3__hist_gradient_boosting,noise_active,target_noise_active_binary,hist_gradient_boosting,Histogram gradient boosting,B3,B3,1,13,2,2847,2,12,940,0.4975417895771878,0.5,834,2013,0.7070600632244468,0.7053038285914999,0.49875807252856436,0.8271884654994851,0.7065446868402533,0.0,0.9975161450571287,0.0,1.0,0.0024838549428713363,-0.02699815605006558,0,834,5,2008,839,0.6186719774701848,0.7968338593003989,0.705962047569497,0.9975417895771879,0.0,0.49877089478859393,2,2,67
noise_active__B3__random_forest,noise_active,target_noise_active_binary,random_forest,Random forest,B3,B3,1,13,2,2847,2,12,940,0.4970501474926254,0.5,834,2013,0.7070600632244468,0.7049525816649105,0.49850968703427717,0.826946847960445,0.706441393875396,0.0,0.9970193740685543,0.0,1.0,0.0029806259314456036,-0.029580202734498302,0,834,6,2007,840,0.6032137032549818,0.7733152483840952,0.7056226042565302,0.9970501474926254,0.0,0.4985250737463127,2,2,68
noise_active__B3__extra_trees,noise_active,target_noise_active_binary,extra_trees,Extremely randomized trees,B3,B3,1,13,2,2847,2,12,940,0.49557522123893805,0.5,834,2013,0.7070600632244468,0.7038988408851422,0.4977645305514158,0.826221397649969,0.7061310782241015,0.0,0.9955290611028316,0.0,1.0,0.004470938897168405,-0.03624734463428741,0,834,9,2004,843,0.5673199145601551,0.7707544366444383,0.70460427431763,0.995575221238938,0.0,0.497787610619469,2,2,69
noise_active__B1+B3__extra_trees,noise_active,target_noise_active_binary,extra_trees,Extremely randomized trees,B1+B3,B1+B3,2,28,2,2847,2,12,562,0.49557522123893805,0.5,834,2013,0.7070600632244468,0.7038988408851422,0.4977645305514158,0.826221397649969,0.7061310782241015,0.0,0.9955290611028316,0.0,1.0,0.004470938897168405,-0.03624734463428741,0,834,9,2004,843,0.5653224067541793,0.7429141777874131,0.70460427431763,0.995575221238938,0.0,0.497787610619469,2,2,69
noise_active__B1+B3__hist_gradient_boosting,noise_active,target_noise_active_binary,hist_gradient_boosting,Histogram gradient boosting,B1+B3,B1+B3,2,28,2,2847,2,12,562,0.4970501474926254,0.4979919678714859,834,2013,0.7070600632244468,0.7035475939585528,0.49751614505712866,0.825979381443299,0.7060274938315122,0.0,0.9950322901142573,0.0,1.0,0.004967709885742673,-0.03821478934954039,0,834,10,2003,844,0.510380071501666,0.7259699879492945,0.7041670001808389,0.9950421153641114,0.0,0.4975210576820557,2,2,71
noise_active__B3__linear_svm,noise_active,target_noise_active_binary,linear_svm,Linear support-vector machine,B3,B3,1,13,2,2847,2,12,940,0.454083216891787,0.4899598393574297,834,2013,0.7070600632244468,0.6585879873551106,0.47274549957649376,0.7923964117898334,0.6950168602472836,0.11235955056179775,0.9215101838052657,0.023980815347721823,0.9760191846522782,0.07848981619473423,-0.10246813839610025,20,814,158,1855,972,0.6190415774682787,0.8229280034206483,0.6603269328257988,0.9221132316878131,0.021929824561403508,0.4720215281246083,2,2,72
noise_active__B1+B3__linear_svm,noise_active,target_noise_active_binary,linear_svm,Linear support-vector machine,B1+B3,B1+B3,2,28,2,2847,2,12,562,0.4256844175335093,0.5104704532415376,834,2013,0.7070600632244468,0.6371619248331577,0.46602122177072053,0.7741089000656024,0.69140625,0.15331010452961671,0.879284649776453,0.05275779376498801,0.947242206235012,0.12071535022354694,-0.10272632137940314,44,790,243,1770,1033,0.5187522113456775,0.7099202162444891,0.639180652027618,0.8797638933314378,0.05639097744360902,0.4680774353875234,2,2,73
noise_active__B3__logistic_regression,noise_active,target_noise_active_binary,logistic_regression,Regularized logistic regression,B3,B3,1,13,2,2847,2,12,940,0.43827951146302335,0.4894578313253012,834,2013,0.7070600632244468,0.6547242711626273,0.4636928311300289,0.7911620990014872,0.6911655530809205,0.013071895424836602,0.9249875807252856,0.002398081534772182,0.9976019184652278,0.07501241927471436,-0.1465489740838536,2,832,151,1862,983,0.5885824872144014,0.8059758812141881,0.6565685986772087,0.9255443603321842,0.0021929824561403508,0.46386867139416227,2,2,74
noise_active__B1+B3__logistic_regression,noise_active,target_noise_active_binary,logistic_regression,Regularized logistic regression,B1+B3,B1+B3,2,28,2,2847,2,12,562,0.4111874450137142,0.47379199337030664,834,2013,0.7070600632244468,0.5904460835967685,0.443871132602115,0.7336683417085427,0.6790697674418604,0.15560165975103735,0.7978142076502732,0.08992805755395683,0.9100719424460432,0.20218579234972678,-0.13623292950070046,75,759,407,1606,1166,0.5521281931235935,0.7747077027876688,0.5930074677528853,0.7988961746691782,0.08608326371484266,0.4424897191920104,2,2,75
seizure__B1__linear_svm,seizure,target_seizure_binary,linear_svm,Linear support-vector machine,B1,B1,1,15,3,11346,3,9,9426,0.6522890497950653,0.687630281690141,10190,1156,0.1018861272695223,0.7013925612550679,0.6696384609376858,0.30057803468208094,0.19739696312364424,0.9441107338730739,0.629757785467128,0.7095191364082434,0.2904808635917566,0.370242214532872,0.21911251871748286,7230,2960,428,728,3388,0.7309205544481835,0.20115450090309855,0.7082216356210682,0.6217399599938452,0.7208853712995769,0.671312665646711,3,3,1
seizure__B1__logistic_regression,seizure,target_seizure_binary,logistic_regression,Regularized logistic regression,B1,B1,1,15,3,11346,3,9,9426,0.6600798766713025,0.6818838028169014,10190,1156,0.1018861272695223,0.689846641988366,0.6678120893337998,0.2960592118423685,0.19255789747593027,0.9445555111288818,0.6401384083044983,0.6954857703631011,0.30451422963689895,0.35986159169550175,0.21451940506002012,7087,3103,416,740,3519,0.7299933614270044,0.2017078222573423,0.6979820535588512,0.6308950094886393,0.7082637379096859,0.6695793736991626,3,3,2
seizure__B2__linear_svm,seizure,target_seizure_binary,linear_svm,Linear support-vector machine,B2,B2,1,16,3,11346,3,9,9730,0.6624116058485471,0.692450837569571,10190,1156,0.1018861272695223,0.6870262647629121,0.6869486673616512,0.3090095349289745,0.1993472257092644,0.9508352573679207,0.6868512110726643,0.6870461236506379,0.3129538763493621,0.31314878892733566,0.2369658839256971,7001,3189,362,794,3551,0.7377979293085357,0.2111845106644908,0.6357464291582312,0.71749397343181,0.6180800293819724,0.6677870014068912,3,3,3
seizure__B1+B2__linear_svm,seizure,target_seizure_binary,linear_svm,Linear support-vector machine,B1+B2,B1+B2,2,31,3,11346,3,9,8204,0.6358415492957747,0.6946153308399454,10190,1156,0.1018861272695223,0.6538868323638286,0.6546947105344476,0.27852287341539594,0.1768136225798927,0.9436180762147613,0.6557093425605537,0.6536800785083415,0.34631992149165847,0.34429065743944637,0.1930292557319267,6661,3529,398,758,3927,0.7164503329473566,0.1909715502329054,0.6767700268140774,0.653284505308509,0.6814314861644641,0.6673579957364866,3,3,4
seizure__B2__logistic_regression,seizure,target_seizure_binary,logistic_regression,Regularized logistic regression,B2,B2,1,16,3,11346,3,9,9730,0.6613169014084507,0.687037536971574,10190,1156,0.1018861272695223,0.6935483870967742,0.6832939716324098,0.30833499104833895,0.2002066649444588,0.9490301003344481,0.6704152249134948,0.6961727183513249,0.3038272816486752,0.3295847750865052,0.2338982660112921,7094,3096,381,775,3477,0.7351250123093743,0.20651590093497255,0.6413379298817073,0.7034804328871108,0.6258249059068137,0.6646526693969623,3,3,5
seizure__B1+B2__logistic_regression,seizure,target_seizure_binary,logistic_regression,Regularized logistic regression,B1+B2,B1+B2,2,31,3,11346,3,9,8204,0.632080985915493,0.6873711069943025,10190,1156,0.1018861272695223,0.6433104177683765,0.6518742508260015,0.27460118300770747,0.17318562061948903,0.9436660407337859,0.6626297577854672,0.6411187438665358,0.35888125613346417,0.3373702422145329,0.18839723206991266,6533,3657,390,766,4047,0.7137770763792441,0.18898888920077433,0.6644443004159671,0.6597728881366364,0.6664954428795621,0.6631341655080992,3,3,6
seizure__B1+B3__linear_svm,seizure,target_seizure_binary,linear_svm,Linear support-vector machine,B1+B3,B1+B3,2,28,3,11346,3,9,5548,0.6458151281065398,0.6716830985915494,10190,1156,0.1018861272695223,0.681738057465186,0.6609971102682255,0.2890332742665879,0.18710170787662503,0.9431496699447662,0.6349480968858131,0.6870461236506379,0.3129538763493621,0.36505190311418684,0.2047930440112595,7001,3189,422,734,3611,0.7277865877055666,0.2012878029904232,0.6906147987672312,0.6215097707339591,0.7013686176218802,0.6614391941779196,3,3,7
seizure__B1+B3__logistic_regression,seizure,target_seizure_binary,logistic_regression,Regularized logistic regression,B1+B3,B1+B3,2,28,3,11346,3,9,5548,0.6502411828445595,0.6717535211267606,10190,1156,0.1018861272695223,0.6708972325048476,0.6599467386100084,0.2857689364957919,0.18344793713163066,0.9437723398405279,0.6461937716262975,0.6736997055937193,0.32630029440628067,0.3538062283737024,0.20173481795049025,6865,3325,409,747,3734,0.7262266079438761,0.20175068330694654,0.6802762809837325,0.6328699799969226,0.6882604314450296,0.6605652057209761,3,3,8
seizure__B1+B2+B4__linear_svm,seizure,target_seizure_binary,linear_svm,Linear support-vector machine,B1+B2+B4,B1+B2+B4,3,39,3,11346,3,9,8188,0.6345223186157558,0.70053567059317,10190,1156,0.1018861272695223,0.6604089546976908,0.647972348900306,0.27507055503292566,0.17576340466458285,0.9408654515096703,0.6323529411764706,0.6635917566241413,0.3364082433758587,0.36764705882352944,0.18578399176280058,6762,3428,425,731,3853,0.7105276561932283,0.1909590006678088,0.6716693852726309,0.6389379904600708,0.6760130994404584,0.6574755449502646,3,3,9
seizure__B1+B2+B4__logistic_regression,seizure,target_seizure_binary,logistic_regression,Regularized logistic regression,B1+B2+B4,B1+B2+B4,3,39,3,11346,3,9,8188,0.6292881741318793,0.6962188472159111,10190,1156,0.1018861272695223,0.6506257711968976,0.6429092909460731,0.2697126013264554,0.17134831460674158,0.9400621996041844,0.6332179930795848,0.6526005888125613,0.34739941118743867,0.36678200692041524,0.1784466171706307,6650,3540,424,732,3964,0.7086296355406447,0.1879608709440842,0.6619877465308543,0.6392201877211879,0.6650685307360245,0.6521443592286063,3,3,10
seizure__B1+B4__linear_svm,seizure,target_seizure_binary,linear_svm,Linear support-vector machine,B1+B4,B1+B4,2,23,3,11346,3,9,9407,0.6348309859154929,0.6792442937537139,10190,1156,0.1018861272695223,0.6835889300193901,0.6455388280117219,0.27795655671761865,0.18107966457023061,0.9382470119521913,0.5977508650519031,0.6933267909715407,0.3066732090284593,0.4022491349480969,0.18636879916771007,7065,3125,465,691,3590,0.72816232075004,0.1972634442032665,0.6852923978661826,0.6055379802020825,0.6947967747039919,0.6501673774530372,3,3,11
seizure__B1+B4__logistic_regression,seizure,target_seizure_binary,logistic_regression,Regularized logistic regression,B1+B4,B1+B4,2,23,3,11346,3,9,9407,0.6245492957746479,0.6808172253486665,10190,1156,0.1018861272695223,0.6760091662259827,0.6417024628936028,0.2735177865612648,0.17725409836065573,0.9376511690405804,0.5986159169550173,0.6847890088321884,0.3152109911678116,0.4013840830449827,0.18045697210251083,6978,3212,464,692,3676,0.7272062643680112,0.198703130685299,0.6795921073818277,0.6077439606093246,0.6879874591232428,0.6478657098662837,3,3,12
seizure__B2+B4__linear_svm,seizure,target_seizure_binary,linear_svm,Linear support-vector machine,B2+B4,B2+B4,2,24,3,11346,3,9,9714,0.6054049295774648,0.7095014974576334,10190,1156,0.1018861272695223,0.7087960514718844,0.6622564017236521,0.2970212765957447,0.1969525959367946,0.9412971033068444,0.6038062283737025,0.7207065750736016,0.2792934249263984,0.3961937716262976,0.21181075864388926,7344,2846,458,698,3304,0.7266608317401889,0.192759711133216,0.6606550764952083,0.6404123711340205,0.6552005005974187,0.6478064358657196,3,3,13
seizure__B1+B2+B3__logistic_regression,seizure,target_seizure_binary,logistic_regression,Regularized logistic regression,B1+B2+B3,B1+B2+B3,3,44,3,11346,3,9,5548,0.6287816901408452,0.6635936243839351,10190,1156,0.1018861272695223,0.6179270227392913,0.6385096658301952,0.2616249361267246,0.16288441145281018,0.9414869552103755,0.6643598615916955,0.6126594700686948,0.3873405299313052,0.3356401384083045,0.17003789647463072,6243,3947,388,768,4335,0.700948076511676,0.18040831552795714,0.639526205317441,0.6547585782428066,0.6396582870692756,0.6472084326560411,3,3,14
seizure__B2+B4__logistic_regression,seizure,target_seizure_binary,logistic_regression,Regularized logistic regression,B2+B4,B2+B4,2,24,3,11346,3,9,9714,0.6122077464788732,0.7067659698153749,10190,1156,0.1018861272695223,0.718843645337564,0.662865163960868,0.30043859649122806,0.20123384253819038,0.9406950390329891,0.592560553633218,0.7331697742885182,0.26683022571148185,0.40743944636678203,0.21501288597603996,7471,2719,471,685,3190,0.7282820188053285,0.19376921686790383,0.6672276497135975,0.6277054931527927,0.6642048392475508,0.6459551662001717,3,3,15
seizure__B1+B3+B4__logistic_regression,seizure,target_seizure_binary,logistic_regression,Regularized logistic regression,B1+B3+B4,B1+B3+B4,3,36,3,11346,3,9,5540,0.6158345070422535,0.6706499702890698,10190,1156,0.1018861272695223,0.6570597567424643,0.6399724439796123,0.26874647622627323,0.1716686674669868,0.9385879403982732,0.6185121107266436,0.661432777232581,0.338567222767419,0.3814878892733564,0.17568657813163863,6740,3450,441,715,3891,0.7200275220634926,0.192486887779723,0.6633508466896129,0.6236566651279684,0.6678515163913433,0.6457540907596558,3,3,16
seizure__B1+B3+B4__linear_svm,seizure,target_seizure_binary,linear_svm,Linear support-vector machine,B1+B3+B4,B1+B3+B4,3,36,3,11346,3,9,5540,0.6199894366197183,0.6675041070991645,10190,1156,0.1018861272695223,0.6672836241847347,0.6406793416437175,0.271094805947094,0.174496644295302,0.9380035504574628,0.6072664359861591,0.6740922473012758,0.32590775269872424,0.39273356401384085,0.17791263773329286,6869,3321,454,702,3775,0.7205325459861252,0.19192147625428774,0.6704670370498609,0.6126811304303227,0.6770812636905436,0.6448811970604331,3,3,17
seizure__B1+B2+B3__linear_svm,seizure,target_seizure_binary,linear_svm,Linear support-vector machine,B1+B2+B3,B1+B2+B3,3,44,3,11346,3,9,5548,0.6241091549295774,0.6689721765877871,10190,1156,0.1018861272695223,0.6188965274105411,0.6336809953445097,0.25857338820301784,0.16124893071000856,0.9397301349325338,0.6522491349480969,0.6151128557409224,0.38488714425907755,0.3477508650519031,0.16431057180871614,6268,3922,402,754,4324,0.7020037114886363,0.18049023038152495,0.6426224284156904,0.6436930809868185,0.6446919886331403,0.6441925348099794,3,3,18
seizure__B1+B2+B3+B4__logistic_regression,seizure,target_seizure_binary,logistic_regression,Regularized logistic regression,B1+B2+B3+B4,B1+B2+B3+B4,4,52,3,11346,3,9,5540,0.6203843719876083,0.6736123247928973,10190,1156,0.1018861272695223,0.6305305834655385,0.6347895181856151,0.2609308885754584,0.16386182462356066,0.9390922401171303,0.6401384083044983,0.6294406280667321,0.37055937193326793,0.35986159169550175,0.16659609108048343,6414,3776,416,740,4192,0.700085062022269,0.18018109975551078,0.6425343636270812,0.6391680771400728,0.6437546033427056,0.6414613402413892,3,3,19
seizure__B1+B2+B3+B4__linear_svm,seizure,target_seizure_binary,linear_svm,Linear support-vector machine,B1+B2+B3+B4,B1+B2+B3+B4,4,52,3,11346,3,9,5540,0.6170537245119465,0.6780034254954734,10190,1156,0.1018861272695223,0.6329102767495153,0.6334301387818304,0.2603445213993962,0.16379888268156426,0.9384369087469073,0.634083044982699,0.6327772325809617,0.36722276741903825,0.36591695501730104,0.1651746702056415,6448,3742,423,733,4165,0.7021794384208685,0.18270019059796888,0.6457119771904893,0.6339240908857773,0.6479778588844276,0.6409509748851024,3,3,20
seizure__B2+B3__logistic_regression,seizure,target_seizure_binary,logistic_regression,Regularized logistic regression,B2+B3,B2+B3,2,29,3,11346,3,9,6821,0.6198399105176693,0.6543816306052124,10190,1156,0.1018861272695223,0.644808743169399,0.6519414854783339,0.2749190356243253,0.17355747387551113,0.9435483870967742,0.6608996539792388,0.6429833169774288,0.35701668302257117,0.3391003460207612,0.18864378322302736,6552,3638,392,764,4030,0.7095070817104767,0.18813806490003349,0.6057006313882602,0.6809482484484793,0.5910297759495898,0.6359890121990346,3,3,21
seizure__B2+B3+B4__logistic_regression,seizure,target_seizure_binary,logistic_regression,Regularized logistic regression,B2+B3+B4,B2+B3+B4,3,37,3,11346,3,9,6813,0.5826007550071656,0.7039522579600727,10190,1156,0.1018861272695223,0.6965450378988189,0.6527517818880713,0.28642487046632126,0.18833469610248024,0.9394294646346228,0.5977508650519031,0.7077526987242394,0.29224730127576054,0.4022491349480969,0.1975662077078287,7212,2978,465,691,3443,0.7240725523021077,0.1850627090354653,0.6537708650817209,0.6192001846437915,0.6524525282263863,0.6358263564350889,3,3,22
seizure__B1+B4__hist_gradient_boosting,seizure,target_seizure_binary,hist_gradient_boosting,Histogram gradient boosting,B1+B4,B1+B4,2,23,3,11346,3,9,9407,0.569034220000699,0.6757359154929578,10190,1156,0.1018861272695223,0.8351842058875375,0.649025606894608,0.3392226148409894,0.2867383512544803,0.9301075268817204,0.41522491349480967,0.8828263002944062,0.11717369970559371,0.5847750865051903,0.2542266256387852,8996,1194,676,480,1870,0.7457620945971184,0.32102440657030806,0.8121369642091013,0.4058084833564138,0.8637266650926886,0.6347675742245512,3,3,23
seizure__B2+B3__linear_svm,seizure,target_seizure_binary,linear_svm,Linear support-vector machine,B2+B3,B2+B3,2,29,3,11346,3,9,6821,0.6231692823936523,0.6467602197579951,10190,1156,0.1018861272695223,0.6329102767495153,0.6441669694489816,0.2676279233339195,0.16795409401898037,0.942039618488628,0.6583044982698962,0.6300294406280668,0.3699705593719333,0.3416955017301038,0.17808683382364024,6420,3770,395,761,4165,0.7003892309102825,0.18503132789230156,0.5975403701074591,0.6802951223265118,0.5818559680122367,0.6310755451693743,3,3,24
seizure__B1+B3+B4__hist_gradient_boosting,seizure,target_seizure_binary,hist_gradient_boosting,Histogram gradient boosting,B1+B3+B4,B1+B3+B4,3,36,3,11346,3,9,5540,0.5865592995211297,0.6660950704225352,10190,1156,0.1018861272695223,0.8323638286620836,0.6413201082545816,0.32791519434628974,0.27718040621266427,0.9284532671629446,0.4013840830449827,0.8812561334641805,0.11874386653581943,0.5986159169550173,0.24108161681152018,8980,1210,692,464,1902,0.7411623360306427,0.2826372107059488,0.8127822710007792,0.3953332307534492,0.8657651055465143,0.6305491681499817,3,3,25
seizure__B3+B4__linear_svm,seizure,target_seizure_binary,linear_svm,Linear support-vector machine,B3+B4,B3+B4,2,21,3,11346,3,9,6953,0.5430633716662588,0.7069076212131247,10190,1156,0.1018861272695223,0.7358540454785828,0.6512450295594772,0.2959830866807611,0.20316027088036118,0.9362037598544573,0.5449826989619377,0.7575073601570167,0.2424926398429833,0.45501730103806226,0.20531983317748678,7719,2471,526,630,2997,0.6927836504341389,0.18655547174596174,0.6882061377735615,0.5562176745140278,0.7000024240252795,0.6281100492696536,3,3,26
seizure__B3+B4__logistic_regression,seizure,target_seizure_binary,logistic_regression,Regularized logistic regression,B3+B4,B3+B4,2,21,3,11346,3,9,6953,0.5562323045195567,0.6955267592367749,10190,1156,0.1018861272695223,0.7304777013925613,0.6497857319918096,0.29311141932501156,0.2,0.9361545988258317,0.5484429065743944,0.7511285574092247,0.24887144259077526,0.4515570934256055,0.20196047261371905,7654,2536,522,634,3058,0.6955047862243668,0.18486392128897317,0.6816065571620343,0.5636936964661231,0.6910893413432625,0.6273915189046928,3,3,27
seizure__B2+B3+B4__linear_svm,seizure,target_seizure_binary,linear_svm,Linear support-vector machine,B2+B3+B4,B2+B3+B4,3,37,3,11346,3,9,6813,0.5856549295774648,0.7081751252787037,10190,1156,0.1018861272695223,0.6738057465185968,0.6374081041525888,0.2698757151311896,0.17480194224380272,0.9364993945916857,0.5916955017301038,0.6831207065750736,0.3168792934249264,0.4083044982698962,0.17489257093549257,6961,3229,472,684,3701,0.7137604375006368,0.17904749906406817,0.6404520469301186,0.6168421808483356,0.6378430356774691,0.6273426082629023,3,3,28
seizure__B3__logistic_regression,seizure,target_seizure_binary,logistic_regression,Regularized logistic regression,B3,B3,1,13,3,11346,3,9,7021,0.5343641860952847,0.683731061024158,10190,1156,0.1018861272695223,0.677683765203596,0.6272964199245478,0.2628502318081032,0.17135348226018396,0.9331653626839942,0.5640138408304498,0.6905789990186457,0.3094210009813543,0.4359861591695502,0.16312495073435454,7037,3153,504,652,3657,0.6812333398983331,0.18333019882102014,0.6578186854934339,0.5579945632661435,0.6694093104003395,0.6137019368332415,3,3,29
seizure__B3__linear_svm,seizure,target_seizure_binary,linear_svm,Linear support-vector machine,B3,B3,1,13,3,11346,3,9,7021,0.5272685169002762,0.6843859687851829,10190,1156,0.1018861272695223,0.6839414771725718,0.6269456451979857,0.26365503080082137,0.172859450726979,0.9326519916142557,0.5553633217993079,0.6985279685966634,0.3014720314033366,0.444636678200692,0.1636717331965304,7118,3072,514,642,3586,0.6793073896995154,0.18603547448391708,0.6646390582010725,0.546710570857055,0.6789065041069601,0.6128085374820076,3,3,30
seizure__B1+B3__hist_gradient_boosting,seizure,target_seizure_binary,hist_gradient_boosting,Histogram gradient boosting,B1+B3,B1+B3,2,28,3,11346,3,9,5548,0.51566377713307,0.6802992957746479,10190,1156,0.1018861272695223,0.7942005993301604,0.6177730389044147,0.2817594586281144,0.21861575178997614,0.9245486974381149,0.3961937716262976,0.8393523061825319,0.1606476938174681,0.6038062283737025,0.1836350306922351,8553,1637,698,458,2335,0.6978032435626216,0.19422991330416406,0.7836511670119585,0.36574652510642663,0.8401639253030263,0.6029552252047264,3,3,31
seizure__B1__hist_gradient_boosting,seizure,target_seizure_binary,hist_gradient_boosting,Histogram gradient boosting,B1,B1,1,15,3,11346,3,9,9426,0.4682529973085393,0.6955352112676056,10190,1156,0.1018861272695223,0.8080380750925437,0.6162736722005087,0.2849638870650033,0.22962962962962963,0.9236463620981388,0.3754325259515571,0.8571148184494602,0.14288518155053975,0.6245674740484429,0.1887959873427527,8734,1456,722,434,2178,0.692518616867748,0.21934990718133074,0.7907591547998223,0.33531845925014103,0.8526318569494924,0.5939751580998167,3,3,32
seizure__B1+B4__extra_trees,seizure,target_seizure_binary,extra_trees,Extremely randomized trees,B1+B4,B1+B4,2,23,3,11346,3,9,9407,0.521238945786291,0.6103169014084507,10190,1156,0.1018861272695223,0.8700863740525295,0.5867798167006801,0.26593625498007967,0.31338028169014087,0.915284924718887,0.2309688581314879,0.9425907752698724,0.05740922473012758,0.7690311418685121,0.19921608719176587,9605,585,889,267,1474,0.7579754984023281,0.32626838367325284,0.8578431984009662,0.21647997127763244,0.9407453290906554,0.578612650184144,3,3,33
seizure__B1+B4__random_forest,seizure,target_seizure_binary,random_forest,Random forest,B1+B4,B1+B4,2,23,3,11346,3,9,9407,0.5510506118604531,0.6124683098591549,10190,1156,0.1018861272695223,0.900405429226159,0.579117782886404,0.2643229166666667,0.5342105263157895,0.9130950209739194,0.17560553633217993,0.982630029440628,0.017369970559371933,0.8243944636678201,0.26604444431091323,10013,177,953,203,1130,0.7702950599508983,0.3305964667742816,0.8904778515759434,0.16515371595630096,0.9840968189913557,0.5746252674738284,3,3,34
seizure__B1__extra_trees,seizure,target_seizure_binary,extra_trees,Extremely randomized trees,B1,B1,1,15,3,11346,3,9,9426,0.4572555839071621,0.6581795774647887,10190,1156,0.1018861272695223,0.8203772254539045,0.5867146194620549,0.2496318114874816,0.2173076923076923,0.916513386470468,0.29325259515570934,0.8801766437684004,0.1198233562315996,0.7067474048442907,0.15234332228391134,8969,1221,817,339,2038,0.712119979897518,0.22714099465660587,0.821505858871725,0.2467818638764938,0.900555419139143,0.5736686415078185,3,3,35
seizure__B3__extra_trees,seizure,target_seizure_binary,extra_trees,Extremely randomized trees,B3,B3,1,13,3,11346,3,9,7021,0.49368205809360693,0.6433838028169014,10190,1156,0.1018861272695223,0.8148246077912921,0.5855406447056106,0.24668339906776623,0.2106552357624005,0.9164007000926593,0.2975778546712803,0.8735034347399411,0.12649656526005887,0.7024221453287197,0.1474343695799357,8901,1289,812,344,2101,0.5847429123470667,0.18472450434365434,0.8043253374116941,0.2703139970251834,0.8754236537944587,0.5728688254098211,3,3,36
seizure__B1+B3+B4__random_forest,seizure,target_seizure_binary,random_forest,Random forest,B1+B3+B4,B1+B3+B4,3,36,3,11346,3,9,5540,0.545064490195393,0.625588028169014,10190,1156,0.1018861272695223,0.8984664198836594,0.580339042619299,0.2662420382165605,0.5048309178743962,0.913373582144164,0.18079584775086505,0.9798822374877331,0.020117762512266928,0.8192041522491349,0.25922248803131936,9985,205,947,209,1152,0.7602231052901447,0.28715167109187384,0.8866928228953145,0.16530614966405088,0.9803018735111865,0.5728040115876187,3,3,37
seizure__B1+B3__random_forest,seizure,target_seizure_binary,random_forest,Random forest,B1+B3,B1+B3,2,28,3,11346,3,9,5548,0.48752140934670907,0.6555739436619719,10190,1156,0.1018861272695223,0.8582760444209413,0.5725355783368592,0.23501427212178877,0.26109936575052856,0.9125961538461539,0.21366782006920415,0.9314033366045142,0.06859666339548577,0.7863321799307958,0.15873944039504875,9491,699,909,247,1608,0.7145012920598593,0.20662221368695255,0.858654747872058,0.17178673642098785,0.9517491237663634,0.5617679300936756,3,3,38
seizure__B1__random_forest,seizure,target_seizure_binary,random_forest,Random forest,B1,B1,1,15,3,11346,3,9,9426,0.5004718794784858,0.6454154929577465,10190,1156,0.1018861272695223,0.8625066102591221,0.5699058714867347,0.23076923076923078,0.268348623853211,0.9119725033416078,0.20242214532871972,0.9373895976447497,0.06261040235525024,0.7975778546712803,0.15877975654361076,9552,638,922,234,1560,0.713019285818582,0.24201784119064756,0.8624185638413961,0.16581299687131354,0.9561477834842336,0.5609803901777736,3,3,39
seizure__B1+B3__extra_trees,seizure,target_seizure_binary,extra_trees,Extremely randomized trees,B1+B3,B1+B3,2,28,3,11346,3,9,5548,0.45897707015274913,0.6448521126760564,10190,1156,0.1018861272695223,0.8139432399083377,0.564343222713088,0.21553325901151987,0.18892508143322476,0.911731729691163,0.2508650519031142,0.8778213935230619,0.12217860647693818,0.7491349480968859,0.11381198193306111,8945,1245,866,290,2111,0.7037153512331445,0.19259275403120218,0.8150879820954531,0.20641821818741346,0.8984599834843731,0.5524391008358933,3,3,40
seizure__B1+B2+B4__random_forest,seizure,target_seizure_binary,random_forest,Random forest,B1+B2+B4,B1+B2+B4,3,39,3,11346,3,9,8188,0.5239492041766927,0.5988028169014085,10190,1156,0.1018861272695223,0.8940595804688877,0.5564119956127692,0.20291777188328913,0.4346590909090909,0.9087684191377114,0.1323529411764706,0.9804710500490678,0.019528949950932288,0.8676470588235294,0.19684222712652105,9991,199,1003,153,1202,0.7585642685175439,0.287353990307974,0.8864097874277953,0.1166215315176694,0.9865030696223774,0.5515623005700234,3,3,41
seizure__B1+B2+B3+B4__hist_gradient_boosting,seizure,target_seizure_binary,hist_gradient_boosting,Histogram gradient boosting,B1+B2+B3+B4,B1+B2+B3+B4,4,52,3,11346,3,9,5540,0.4628001677793701,0.6645915492957747,10190,1156,0.1018861272695223,0.8335096069099242,0.5714016727166534,0.2286647611269906,0.21655065738592422,0.912861832288869,0.2422145328719723,0.9005888125613346,0.09941118743866535,0.7577854671280276,0.13594313688602955,9177,1013,876,280,1889,0.7319658750182517,0.2535623956169705,0.8073341155777326,0.21436980048212542,0.8855853232530609,0.5499775618675932,3,3,42
seizure__B1+B2+B3__hist_gradient_boosting,seizure,target_seizure_binary,hist_gradient_boosting,Histogram gradient boosting,B1+B2+B3,B1+B2+B3,3,44,3,11346,3,9,5548,0.44439686811842427,0.6990316901408451,10190,1156,0.1018861272695223,0.8284858099770844,0.5762739778125647,0.2356637863315004,0.2158273381294964,0.9140216954600241,0.25951557093425603,0.8930323846908734,0.1069676153091266,0.740484429065744,0.14074162360147804,9100,1090,856,300,1946,0.7186212821444459,0.20743572262693993,0.7970952084778666,0.2230856029132687,0.8737616945829229,0.5484236487480958,3,3,43
seizure__B1+B2+B4__hist_gradient_boosting,seizure,target_seizure_binary,hist_gradient_boosting,Histogram gradient boosting,B1+B2+B4,B1+B2+B4,3,39,3,11346,3,9,8188,0.4605019399489671,0.6740633802816901,10190,1156,0.1018861272695223,0.8407368235501498,0.5685229769330812,0.2247962247962248,0.2229787234042553,0.912103038049356,0.22664359861591696,0.9104023552502454,0.08959764474975467,0.773356401384083,0.13606031327441356,9277,913,894,262,1807,0.7362945302233344,0.255426511242179,0.819680596041317,0.19198071498179206,0.9035580549365315,0.5477693849591618,3,3,44
seizure__B3+B4__extra_trees,seizure,target_seizure_binary,extra_trees,Extremely randomized trees,B3+B4,B3+B4,2,21,3,11346,3,9,6953,0.4933106714670209,0.5977253521126761,10190,1156,0.1018861272695223,0.841177507491627,0.5610991507380532,0.21172353455818022,0.21415929203539824,0.9105324980422866,0.2093425605536332,0.912855740922473,0.08714425907752699,0.7906574394463668,0.12343874981345317,9302,888,914,242,1802,0.5914028357403114,0.15535615761446123,0.8121695106061572,0.20346658460275943,0.8891815116093723,0.5463240481060658,3,3,45
seizure__B1+B2__random_forest,seizure,target_seizure_binary,random_forest,Random forest,B1+B2,B1+B2,2,31,3,11346,3,9,8204,0.4811903596770247,0.6182957746478873,10190,1156,0.1018861272695223,0.8799576943416182,0.5539295767952161,0.19693396226415094,0.30925925925925923,0.9084767721636128,0.1444636678200692,0.963395485770363,0.0366045142296369,0.8555363321799307,0.1532475907001828,9817,373,989,167,1362,0.744161451453525,0.23541144681087905,0.8684205648925576,0.11652879930245678,0.9673606767779698,0.5419447380402133,3,3,46
seizure__B1+B3+B4__extra_trees,seizure,target_seizure_binary,extra_trees,Extremely randomized trees,B1+B3+B4,B1+B3+B4,3,36,3,11346,3,9,5540,0.48154426928588906,0.5783767605633803,10190,1156,0.1018861272695223,0.8432927904107175,0.5492391957648961,0.18960802187784867,0.2003853564547206,0.9080325960419092,0.17993079584775087,0.9185475956820413,0.08145240431795878,0.8200692041522492,0.10332872579695111,9360,830,948,208,1778,0.7371265165998282,0.22557390811950256,0.830938645634785,0.16367892496281478,0.917412333825955,0.5405456293943849,3,3,47
seizure__B1+B2__hist_gradient_boosting,seizure,target_seizure_binary,hist_gradient_boosting,Histogram gradient boosting,B1+B2,B1+B2,2,31,3,11346,3,9,8204,0.4192736551434863,0.7045669014084507,10190,1156,0.1018861272695223,0.8316587343557201,0.5684539595437551,0.22357723577235772,0.21088957055214724,0.9122684724158534,0.2378892733564014,0.8990186457311089,0.10098135426889107,0.7621107266435986,0.12985111236196303,9161,1029,881,275,1910,0.7125460115928841,0.21768604069989417,0.8063619219866468,0.18891285838847002,0.8902497187287025,0.5395812885585862,3,3,48
seizure__B1+B2+B3__random_forest,seizure,target_seizure_binary,random_forest,Random forest,B1+B2+B3,B1+B2+B3,3,44,3,11346,3,9,5548,0.49494914187842987,0.5961021126760564,10190,1156,0.1018861272695223,0.8773135906927552,0.5459387553439663,0.1773049645390071,0.2798507462686567,0.9069380203515264,0.12975778546712802,0.9621197252208047,0.03788027477919529,0.870242214532872,0.13100262173533644,9804,386,1006,150,1392,0.7368723067937559,0.21795107931550695,0.8721453018424103,0.10519546596912348,0.9729517942852898,0.5390736301272067,3,3,49
seizure__B3__random_forest,seizure,target_seizure_binary,random_forest,Random forest,B3,B3,1,13,3,11346,3,9,7021,0.49999126149113915,0.581943661971831,10190,1156,0.1018861272695223,0.8521946060285563,0.5423078294413072,0.17429837518463812,0.2022857142857143,0.906503676821698,0.15311418685121106,0.9315014720314033,0.06849852796859666,0.846885813148789,0.0959441817307966,9492,698,979,177,1677,0.5132642848168535,0.15139716082644025,0.8499152059721545,0.13262214699697392,0.9441527157978745,0.5383874313974242,3,3,50
seizure__B1+B2+B3+B4__random_forest,seizure,target_seizure_binary,random_forest,Random forest,B1+B2+B3+B4,B1+B2+B3+B4,4,52,3,11346,3,9,5540,0.501896256422804,0.5635704225352113,10190,1156,0.1018861272695223,0.8842763969680945,0.5360106081340347,0.14795587280986372,0.2961038961038961,0.904935681050999,0.0986159169550173,0.973405299313052,0.026594700686947987,0.9013840830449827,0.12032919373416373,9919,271,1042,114,1313,0.7649114913528766,0.24069422322365114,0.8730648647992224,0.0869666102477304,0.9743621915671609,0.5306644009074456,3,3,51
seizure__B1+B2__extra_trees,seizure,target_seizure_binary,extra_trees,Extremely randomized trees,B1+B2,B1+B2,2,31,3,11346,3,9,8204,0.43672882659303014,0.6450070422535211,10190,1156,0.1018861272695223,0.8381808566895822,0.5486940178137871,0.18904593639575973,0.1931407942238267,0.9079898417659699,0.185121107266436,0.9122669283611383,0.08773307163886163,0.8148788927335641,0.0992416947699583,9296,894,942,214,1836,0.7333382004883001,0.1907724675539482,0.8210478407838018,0.14766907729394266,0.9110373173463108,0.5293531973201268,3,3,52
seizure__B2+B3__extra_trees,seizure,target_seizure_binary,extra_trees,Extremely randomized trees,B2+B3,B2+B3,2,29,3,11346,3,9,6821,0.4926203292670139,0.562845390258799,10190,1156,0.1018861272695223,0.8208179093953817,0.532508888217297,0.16234033786567778,0.15499606608969316,0.9048138957816377,0.1704152249134948,0.8946025515210991,0.10539744847890088,0.8295847750865052,0.06235952797698021,9116,1074,959,197,2033,0.6595067845876446,0.14813131665720075,0.8070108568720977,0.16961963378981382,0.8877612684292727,0.5286904511095433,3,3,53
seizure__B2+B3+B4__extra_trees,seizure,target_seizure_binary,extra_trees,Extremely randomized trees,B2+B3+B4,B2+B3+B4,3,37,3,11346,3,9,6813,0.495974892749656,0.5716760563380282,10190,1156,0.1018861272695223,0.8490216816499206,0.53248876875694,0.15407407407407409,0.17951668584579977,0.9045528300085902,0.13494809688581316,0.9300294406280667,0.06997055937193326,0.8650519031141869,0.07390960776653023,9477,713,1000,156,1713,0.6608415452424692,0.16381687137751957,0.8317121603613066,0.13035502897881726,0.9215354251311844,0.5259452270550008,3,3,54
seizure__B1+B2+B4__extra_trees,seizure,target_seizure_binary,extra_trees,Extremely randomized trees,B1+B2+B4,B1+B2+B4,3,39,3,11346,3,9,8188,0.480482540459296,0.5840457746478873,10190,1156,0.1018861272695223,0.8589811387273047,0.5349657544712741,0.15611814345991562,0.2,0.9049594569111824,0.12802768166089964,0.9419038272816487,0.058096172718351324,0.8719723183391004,0.08567364355266656,9598,592,1008,148,1600,0.761878079465926,0.21028212751863234,0.8404672866353305,0.11444160640098477,0.9342341281044172,0.524337867252701,3,3,55
seizure__B3__hist_gradient_boosting,seizure,target_seizure_binary,hist_gradient_boosting,Histogram gradient boosting,B3,B3,1,13,3,11346,3,9,7021,0.4955040371910937,0.538651515485993,10190,1156,0.1018861272695223,0.6231270932487221,0.513713067631948,0.16906335017489313,0.10902255639097744,0.9019847743338771,0.3762975778546713,0.6511285574092247,0.3488714425907753,0.6237024221453287,0.017374940038869184,6635,3555,721,435,4276,0.5020937821529351,0.1053601256730874,0.6575061122085067,0.34483346155818845,0.7035683622922638,0.5242009119252261,3,3,56
seizure__B2+B4__hist_gradient_boosting,seizure,target_seizure_binary,hist_gradient_boosting,Histogram gradient boosting,B2+B4,B2+B4,2,24,3,11346,3,9,9714,0.5025773195876289,0.537887323943662,10190,1156,0.1018861272695223,0.849286092014807,0.5192149335633347,0.12397540983606557,0.15201005025125627,0.9018957345971564,0.1046712802768166,0.9337585868498528,0.0662414131501472,0.8953287197231834,0.04551474650136292,9515,675,1035,121,1710,0.611876042052219,0.13453531829794774,0.8513018257622068,0.09778786479971276,0.949059933370716,0.5234238990852144,3,3,57
seizure__B2__random_forest,seizure,target_seizure_binary,random_forest,Random forest,B2,B2,1,16,3,11346,3,9,9730,0.508456643467767,0.5461262190219861,10190,1156,0.1018861272695223,0.8781068217874141,0.5168540804303018,0.09548724656638326,0.19571045576407506,0.9013031987605942,0.06314878892733564,0.9705593719332679,0.029440628066732092,0.9368512110726643,0.05718524173589345,9890,300,1083,73,1383,0.6162117008669195,0.14543537493688974,0.8740527190913073,0.06848161255577781,0.9763928879910558,0.5224372502734168,3,3,58
seizure__B3+B4__hist_gradient_boosting,seizure,target_seizure_binary,hist_gradient_boosting,Histogram gradient boosting,B3+B4,B3+B4,2,21,3,11346,3,9,6953,0.4764831085307255,0.5656267605633802,10190,1156,0.1018861272695223,0.8436453375638991,0.5325633041417225,0.1560418648905804,0.1733615221987315,0.9046153846153846,0.14186851211072665,0.9232580961727184,0.07674190382728165,0.8581314878892734,0.07126269336221887,9408,782,992,164,1774,0.5546030693637496,0.12939799776938504,0.8110115343125052,0.14934789967687337,0.893266225130315,0.5213070624035941,3,3,59
seizure__B2__extra_trees,seizure,target_seizure_binary,extra_trees,Extremely randomized trees,B2,B2,1,16,3,11346,3,9,9730,0.500342399535948,0.5424123527561256,10190,1156,0.1018861272695223,0.7673188789000529,0.5088601179662536,0.13894324853228962,0.11151832460732984,0.9000635862653666,0.1842560553633218,0.8334641805691855,0.16653581943081452,0.8157439446366782,0.01432599711061864,8493,1697,943,213,2640,0.6571805250415124,0.13963062277862903,0.780759624877557,0.18374631994665847,0.8586710938373755,0.521208706892017,3,3,60
seizure__B2+B4__extra_trees,seizure,target_seizure_binary,extra_trees,Extremely randomized trees,B2+B4,B2+B4,2,24,3,11346,3,9,9714,0.498750892219843,0.5417559085920846,10190,1156,0.1018861272695223,0.8605676009166225,0.5224279349793373,0.125,0.17331288343558282,0.9024686740228165,0.09775086505190311,0.9471050049067713,0.052894995093228654,0.9022491349480969,0.058303067557546044,9651,539,1043,113,1582,0.6648672624969862,0.1571358508228248,0.841570568046261,0.0984179104477612,0.9358750766770894,0.5171464935624253,3,3,61
seizure__B1+B2+B3+B4__extra_trees,seizure,target_seizure_binary,extra_trees,Extremely randomized trees,B1+B2+B3+B4,B1+B2+B3+B4,4,52,3,11346,3,9,5540,0.4594096263413611,0.5538274647887325,10190,1156,0.1018861272695223,0.8697338268993478,0.5275309771775708,0.13262910798122066,0.2062043795620438,0.9034080385256529,0.09775086505190311,0.9573110893032385,0.042688910696761534,0.9022491349480969,0.07768831290162923,9755,435,1043,113,1478,0.7519867330410777,0.20942730571171606,0.8435681338417758,0.09053259475816793,0.9391351240450744,0.5148338594016212,3,3,62
seizure__B2__hist_gradient_boosting,seizure,target_seizure_binary,hist_gradient_boosting,Histogram gradient boosting,B2,B2,1,16,3,11346,3,9,9730,0.4904859154929577,0.5286476154734836,10190,1156,0.1018861272695223,0.7957870615194782,0.4994007456934168,0.1126005361930295,0.10103092783505155,0.8979880699625923,0.12716262975778547,0.8716388616290481,0.12836113837095192,0.8728373702422145,-0.001084315262762245,8882,1308,1009,147,2317,0.5733059753948339,0.11496233409337402,0.81882822503891,0.1172388572600913,0.9113888749784564,0.5143138661192739,3,3,63
seizure__B1+B2+B3__extra_trees,seizure,target_seizure_binary,extra_trees,Extremely randomized trees,B1+B2+B3,B1+B2+B3,3,44,3,11346,3,9,5548,0.45048760879443533,0.5661302816901409,10190,1156,0.1018861272695223,0.84382161114049,0.5234584418539107,0.1364522417153996,0.15625,0.9027751196172249,0.12110726643598616,0.9258096172718351,0.07419038272816486,0.8788927335640139,0.052623898306012835,9434,756,1016,140,1772,0.7293059040853541,0.18617997112437426,0.8294382501931001,0.10122234189875366,0.9241035616074923,0.5126629517531229,3,3,64
seizure__B2+B3__random_forest,seizure,target_seizure_binary,random_forest,Random forest,B2+B3,B2+B3,2,29,3,11346,3,9,6821,0.5042381767975113,0.5119401408450704,10190,1156,0.1018861272695223,0.883571302661731,0.5076256150442628,0.05844618674269423,0.1659919028340081,0.8995404991440671,0.03546712802768166,0.979784102060844,0.020215897939156034,0.9645328719723183,0.031614075042951606,9984,206,1115,41,1321,0.632846971554309,0.1418760076032137,0.8725402780360229,0.03522090578037647,0.9790274334406214,0.5071241696104989,3,3,65
seizure__B4__hist_gradient_boosting,seizure,target_seizure_binary,hist_gradient_boosting,Histogram gradient boosting,B4,B4,1,8,3,11346,3,9,11161,0.4764224007888327,0.527163654793946,10190,1156,0.1018861272695223,0.8326282390269698,0.504956178626851,0.10212765957446808,0.11261730969760167,0.8991046500433234,0.09342560553633218,0.9164867517173699,0.08351324828263003,0.9065743944636678,0.010779251025259735,9339,851,1048,108,1899,0.5390233912072016,0.12334859922953065,0.8136743275304233,0.10393578499256295,0.9021239328137964,0.5030298589031796,3,3,66
seizure__B3+B4__random_forest,seizure,target_seizure_binary,random_forest,Random forest,B3+B4,B3+B4,2,21,3,11346,3,9,6953,0.4661819707085183,0.5476056338028169,10190,1156,0.1018861272695223,0.8766084963863917,0.5141026381111816,0.08854166666666667,0.17894736842105263,0.9007842422031734,0.058823529411764705,0.9693817468105986,0.030618253189401375,0.9411764705882353,0.04742206344424729,9878,312,1088,68,1400,0.5517252225025553,0.12484230051478444,0.8516929219491199,0.052451146330204645,0.9533170412936425,0.5028840938119236,3,3,67
seizure__B2+B3+B4__hist_gradient_boosting,seizure,target_seizure_binary,hist_gradient_boosting,Histogram gradient boosting,B2+B3+B4,B2+B3+B4,3,37,3,11346,3,9,6813,0.4956744381138803,0.5087323943661972,10190,1156,0.1018861272695223,0.8575709501145778,0.5015867208165954,0.07233065442020666,0.1075085324232082,0.8984200743494424,0.054498269896193774,0.948675171736997,0.05132482826300294,0.9455017301038062,0.004337520900139437,9667,523,1093,63,1616,0.6062992587209797,0.1252932346340968,0.8519880386266304,0.05084936144022157,0.9546922144765638,0.5027707879583927,3,3,68
seizure__B2+B3__hist_gradient_boosting,seizure,target_seizure_binary,hist_gradient_boosting,Histogram gradient boosting,B2+B3,B2+B3,2,29,3,11346,3,9,6821,0.4723289196331927,0.5257134079486669,10190,1156,0.1018861272695223,0.7768376520359598,0.48386623020737474,0.09571428571428571,0.08150851581508516,0.8946608946608947,0.11591695501730104,0.8518155053974484,0.1481844946025515,0.884083044982699,-0.027730028683832564,8680,1510,1022,134,2532,0.5917581097554764,0.12004431490134049,0.8096687850216298,0.09779925116684618,0.905009318478985,0.5014042848229157,3,3,69
seizure__B2+B4__random_forest,seizure,target_seizure_binary,random_forest,Random forest,B2+B4,B2+B4,2,24,3,11346,3,9,9714,0.49583802816901407,0.5076068719633682,10190,1156,0.1018861272695223,0.8906222457253657,0.49966382673833837,0.01586042823156225,0.09523809523809523,0.8980517747531358,0.00865051903114187,0.9906771344455348,0.009322865554465163,0.9913494809688581,-0.002124036859953961,10095,95,1146,10,1241,0.6164815732908646,0.13641992619094512,0.8807432505373584,0.01128358208955224,0.9910130179987027,0.5011483000441275,3,3,70
seizure__B2+B3+B4__random_forest,seizure,target_seizure_binary,random_forest,Random forest,B2+B3+B4,B2+B3+B4,3,37,3,11346,3,9,6813,0.4984788732394366,0.5022997931968908,10190,1156,0.1018861272695223,0.8885950995945707,0.5004525605196763,0.023183925811437404,0.10869565217391304,0.898197715917202,0.012975778546712802,0.9879293424926399,0.012070657507360158,0.9870242214532872,0.002497865587110405,10067,123,1141,15,1264,0.6250261043631214,0.13522395361652795,0.8734849504822018,0.017502487562189056,0.9815304969533956,0.4995164922577923,3,3,71
seizure__B4__logistic_regression,seizure,target_seizure_binary,logistic_regression,Regularized logistic regression,B4,B4,1,8,3,11346,3,9,11161,0.4692579258275368,0.5253338152392657,10190,1156,0.1018861272695223,0.6536224219989424,0.5130514175305867,0.16525063721325403,0.10951576576576577,0.9015909674108289,0.3365051903114187,0.6895976447497547,0.31040235525024534,0.6634948096885813,0.017026955810628953,7027,3163,767,389,3930,0.5445136693481295,0.1156575124231264,0.6071173102774957,0.34687808380776525,0.6348133767560136,0.4908457302818894,3,3,72
seizure__B4__linear_svm,seizure,target_seizure_binary,linear_svm,Linear support-vector machine,B4,B4,1,8,3,11346,3,9,11161,0.47364902653011287,0.5211537628111599,10190,1156,0.1018861272695223,0.656795346377578,0.5121336475478028,0.16401889222842422,0.10908052541404911,0.9013258541560428,0.3304498269896194,0.6938174681059862,0.30618253189401373,0.6695501730103807,0.01589133990273643,7070,3120,774,382,3894,0.5419502633357216,0.11448801888537681,0.6116903646906465,0.34028701851566906,0.6410717313048164,0.4906793749102427,3,3,73
seizure__B4__extra_trees,seizure,target_seizure_binary,extra_trees,Extremely randomized trees,B4,B4,1,8,3,11346,3,9,11161,0.4739894366197183,0.49837376836869096,10190,1156,0.1018861272695223,0.8613608320112816,0.48375680411285915,0.013793103448275862,0.025056947608200455,0.8950215457962776,0.009515570934256055,0.9579980372914623,0.04200196270853778,0.990484429065744,-0.050954502985045065,9762,428,1145,11,1573,0.541447701287985,0.10607464634313192,0.8613466336102144,0.008103092783505154,0.9705449767403836,0.4893240347619444,3,3,74
seizure__B4__random_forest,seizure,target_seizure_binary,random_forest,Random forest,B4,B4,1,8,3,11346,3,9,11161,0.48345800272641476,0.4937605633802817,10190,1156,0.1018861272695223,0.8596862330336682,0.4881929328909882,0.030450669914738125,0.051440329218107,0.8958563535911602,0.02162629757785467,0.9547595682041217,0.04524043179587831,0.9783737024221453,-0.03527808393148693,9729,461,1131,25,1592,0.5464248058514521,0.1061990978205718,0.8491995555763109,0.019744883828281275,0.9548232154341587,0.48728404963122,3,3,75
signal_unusable__B2__linear_svm,signal_unusable,target_signal_unusable_binary,linear_svm,Linear support-vector machine,B2,B2,1,16,5,4877,15,18,3866,0.8937329731372171,0.9959976703506188,4221,656,0.1345089194176748,0.9731392249333607,0.9535828407324585,0.902746844840386,0.8798842257597684,0.9885332059245103,0.926829268292683,0.9803364131722341,0.019663586827765932,0.07317073170731707,0.887580132275324,4138,83,48,608,131,0.9835155667654758,0.9594706339939469,0.967897284873473,0.9615788148396843,0.9788814753000203,0.9702301450698523,7,15,1
signal_unusable__B1+B2+B3+B4__linear_svm,signal_unusable,target_signal_unusable_binary,linear_svm,Linear support-vector machine,B1+B2+B3+B4,B1+B2+B3+B4,4,52,5,4877,15,18,1872,0.8670443802207741,0.9976632963852246,4221,656,0.1345089194176748,0.9807258560590527,0.9463783723658132,0.9262166405023547,0.9546925566343042,0.9845034045550599,0.899390243902439,0.9933665008291874,0.006633499170812604,0.10060975609756098,0.9156820021036275,4193,28,66,590,94,0.9900031636243867,0.9651185376711179,0.9785619499838092,0.9452954507302334,0.9937297425910482,0.9695125966606408,7,15,2
signal_unusable__B1+B2+B3+B4__logistic_regression,signal_unusable,target_signal_unusable_binary,logistic_regression,Regularized logistic regression,B1+B2+B3+B4,B1+B2+B3+B4,4,52,5,4877,15,18,1872,0.8843547041856022,0.9962123668592541,4221,656,0.1345089194176748,0.9743694894402296,0.951718613668013,0.9062265566391597,0.8921713441654358,0.9876190476190476,0.9207317073170732,0.9827055200189528,0.017294479981047144,0.07926829268292683,0.8915354127518713,4148,73,52,604,125,0.9952105038107951,0.9770738976345918,0.9697477157719835,0.9573191203625987,0.9817050215701197,0.9695120709663592,7,15,3
signal_unusable__B2__logistic_regression,signal_unusable,target_signal_unusable_binary,logistic_regression,Regularized logistic regression,B2,B2,1,16,5,4877,15,18,3866,0.8881175930338312,0.9952172431839107,4221,656,0.1345089194176748,0.9694484314127537,0.9520943843500269,0.8910021945866862,0.8565400843881856,0.9887181949111858,0.9283536585365854,0.9758351101634684,0.024164889836531627,0.07164634146341463,0.8742271116782095,4119,102,47,609,149,0.9884000439151512,0.9620285598653421,0.964325176779203,0.9623552123552124,0.9742485419312669,0.9683018771432397,7,15,4
signal_unusable__B1+B3+B4__logistic_regression,signal_unusable,target_signal_unusable_binary,logistic_regression,Regularized logistic regression,B1+B3+B4,B1+B3+B4,3,36,5,4877,15,18,1872,0.8865080175064703,0.9971166197337079,4221,656,0.1345089194176748,0.9712938281730572,0.9512292630922046,0.8964497041420119,0.8706896551724138,0.9880411384836164,0.9237804878048781,0.9786780383795309,0.021321961620469083,0.07621951219512195,0.8803231943053579,4131,90,50,606,140,0.9942473318656427,0.9735112658122087,0.965846488138538,0.9588719153936545,0.9773424329216801,0.9681071741576672,7,15,5
signal_unusable__B2+B3+B4__logistic_regression,signal_unusable,target_signal_unusable_binary,logistic_regression,Regularized logistic regression,B2+B3+B4,B2+B3+B4,3,37,5,4877,15,18,3473,0.8805533623135313,0.998326801540608,4221,656,0.1345089194176748,0.9766249743694895,0.9491591837560167,0.9129770992366413,0.9143730886850153,0.9862656878995975,0.9115853658536586,0.9867330016583747,0.013266998341625208,0.08841463414634146,0.8994778237952975,4165,56,58,598,114,0.9928832897070975,0.9725819077021688,0.9705305482170197,0.951506630854457,0.9838528967642817,0.9676797638093693,7,15,6
signal_unusable__B1+B2+B4__logistic_regression,signal_unusable,target_signal_unusable_binary,logistic_regression,Regularized logistic regression,B1+B2+B4,B1+B2+B4,3,39,5,4877,15,18,2121,0.8829834573863424,0.9966899190752873,4221,656,0.1345089194176748,0.9702686077506664,0.9499932466009096,0.8929889298892989,0.8655221745350501,0.9877932024892293,0.9222560975609756,0.9777303956408434,0.0222696043591566,0.07774390243902439,0.8763402956404944,4127,94,51,605,145,0.9936908084432656,0.9725505776866127,0.9655150148486862,0.9580955178781265,0.9772416401393255,0.967668579008726,7,15,7
signal_unusable__B2+B3__logistic_regression,signal_unusable,target_signal_unusable_binary,logistic_regression,Regularized logistic regression,B2+B3,B2+B3,2,29,5,4877,15,18,3480,0.8911868040332921,0.9951546320928238,4221,656,0.1345089194176748,0.9743694894402296,0.951718613668013,0.9062265566391597,0.8921713441654358,0.9876190476190476,0.9207317073170732,0.9827055200189528,0.017294479981047144,0.07926829268292683,0.8915354127518713,4148,73,52,604,125,0.9895737630084191,0.9663125031831711,0.9676633544645924,0.9541066367792711,0.9795748646038744,0.9668407506915728,7,15,8
signal_unusable__B2__extra_trees,signal_unusable,target_signal_unusable_binary,extra_trees,Extremely randomized trees,B2,B2,1,16,5,4877,15,18,3866,0.8537586704987548,0.9965058472333745,4221,656,0.1345089194176748,0.9721140045109699,0.9401157684284732,0.8963414634146342,0.8963414634146342,0.9838900734423123,0.8963414634146342,0.9838900734423123,0.01610992655768775,0.10365853658536585,0.8802315368569464,4153,68,68,588,136,0.9912429721312139,0.9634538130842475,0.9676520162846006,0.9472598657381266,0.9828849197414983,0.9650723927398124,7,15,9
signal_unusable__B1+B4__logistic_regression,signal_unusable,target_signal_unusable_binary,logistic_regression,Regularized logistic regression,B1+B4,B1+B4,2,23,5,4877,15,18,2555,0.8824158876993935,0.9985323107153043,4221,656,0.1345089194176748,0.9624769325404962,0.9467794231513744,0.8690050107372942,0.8191632928475033,0.9881528046421664,0.9253048780487805,0.9682539682539683,0.031746031746031744,0.07469512195121951,0.8493435351343451,4087,134,49,607,183,0.991490356001641,0.9566229987543522,0.9575630000585504,0.9608024173241565,0.9688473046300523,0.9648248609771044,7,15,10
signal_unusable__B1+B2+B3__logistic_regression,signal_unusable,target_signal_unusable_binary,logistic_regression,Regularized logistic regression,B1+B2+B3,B1+B2+B3,3,44,5,4877,15,18,1872,0.8740279952475575,0.996417611524193,4221,656,0.1345089194176748,0.9741644453557515,0.9458065003091396,0.9042553191489362,0.9015151515151515,0.9855347403367323,0.9070121951219512,0.9846008054963279,0.015399194503672116,0.09298780487804878,0.8893285195990165,4156,65,61,595,126,0.9902270731129487,0.9646168421103957,0.9679390638056399,0.9468692294779252,0.9818641087587306,0.9643666691183279,7,15,11
signal_unusable__B2+B4__logistic_regression,signal_unusable,target_signal_unusable_binary,logistic_regression,Regularized logistic regression,B2+B4,B2+B4,2,24,5,4877,15,18,3855,0.8726786317853882,0.9955301246134027,4221,656,0.1345089194176748,0.9719089604264917,0.9445034915434443,0.8967596081386586,0.886736214605067,0.9854969091773657,0.9070121951219512,0.9819947879649372,0.018005212035062782,0.09298780487804878,0.8805801144258669,4145,76,61,595,137,0.9919038662668077,0.9693338353743818,0.9642932602304463,0.9492323351019003,0.9781851949009275,0.9637087650014139,7,15,12
signal_unusable__B1+B3+B4__linear_svm,signal_unusable,target_signal_unusable_binary,linear_svm,Linear support-vector machine,B1+B3+B4,B1+B3+B4,3,36,5,4877,15,18,1872,0.8522433389633991,0.9992039124531457,4221,656,0.1345089194176748,0.9774451507074021,0.939333168651516,0.9136577708006279,0.941747572815534,0.9826250293496126,0.8871951219512195,0.9914712153518124,0.008528784648187633,0.11280487804878049,0.9012297646259371,4185,36,74,582,110,0.9855152229560675,0.9547285318140283,0.9722677050832081,0.9379301661910358,0.9892619014545672,0.9635960338228015,7,15,13
signal_unusable__B2+B3__random_forest,signal_unusable,target_signal_unusable_binary,random_forest,Random forest,B2+B3,B2+B3,2,29,5,4877,15,18,3480,0.8559158822515425,0.9996114902471372,4221,656,0.1345089194176748,0.9682181669058848,0.9404400760425515,0.8842419716206124,0.8667642752562226,0.9847401049117788,0.9024390243902439,0.978441127694859,0.02155887230514096,0.0975609756097561,0.8660677270880842,4130,91,64,592,155,0.9912010793881926,0.9635600923533986,0.956800318455075,0.9503654558002383,0.9714414155356185,0.9609034356679285,7,15,14
signal_unusable__B2+B4__random_forest,signal_unusable,target_signal_unusable_binary,random_forest,Random forest,B2+B4,B2+B4,2,24,5,4877,15,18,3855,0.8684785197439038,1.0,4221,656,0.1345089194176748,0.963502152962887,0.9441530009649777,0.8712011577424024,0.8292011019283747,0.9869910864851843,0.9176829268292683,0.970623075100687,0.02937692489931296,0.08231707317073171,0.8514860067529644,4097,124,54,602,178,0.9903935606520244,0.943165212329299,0.9483144741272469,0.9580745341614907,0.9607712215320912,0.9594228778467909,7,15,15
signal_unusable__B2+B4__extra_trees,signal_unusable,target_signal_unusable_binary,extra_trees,Extremely randomized trees,B2+B4,B2+B4,2,24,5,4877,15,18,3855,0.8850364916009572,0.9982231427284868,4221,656,0.1345089194176748,0.9612466680336272,0.9505748695546657,0.8666196189131969,0.8068331143232589,0.9897959183673469,0.9359756097560976,0.9651741293532339,0.03482587064676617,0.06402439024390244,0.8472792013120931,4074,147,42,614,189,0.9910826240458568,0.9483130237718516,0.9440778898037812,0.9651379923119053,0.9536059351276743,0.9593719637197898,7,15,16
signal_unusable__B2+B3__linear_svm,signal_unusable,target_signal_unusable_binary,linear_svm,Linear support-vector machine,B2+B3,B2+B3,2,29,5,4877,15,18,3480,0.8475338912962225,0.9967591421712628,4221,656,0.1345089194176748,0.9690383432437975,0.9364077189545883,0.8856926570779712,0.8796992481203008,0.9831433998100665,0.8917682926829268,0.9810471452262497,0.018952854773750295,0.10823170731707317,0.8678147173216509,4141,80,71,585,151,0.9863173245271898,0.956659431145588,0.9604722988759812,0.9414134631525936,0.9767934940207057,0.9591034785866497,7,15,17
signal_unusable__B2+B4__linear_svm,signal_unusable,target_signal_unusable_binary,linear_svm,Linear support-vector machine,B2+B4,B2+B4,2,24,5,4877,15,18,3855,0.8465398787143601,0.9939494039779551,4221,656,0.1345089194176748,0.9696534754972319,0.9341881258631349,0.8870229007633588,0.8883792048929664,0.9822401136632726,0.885670731707317,0.9827055200189528,0.017294479981047144,0.11432926829268293,0.8694970618284723,4148,73,75,581,148,0.9844993239378024,0.9497735722735499,0.9631102351859938,0.9372635622635623,0.9800902012663059,0.958676881764934,7,15,18
signal_unusable__B2__hist_gradient_boosting,signal_unusable,target_signal_unusable_binary,hist_gradient_boosting,Histogram gradient boosting,B2,B2,1,16,5,4877,15,18,3866,0.8326664688328049,0.9975587001636459,4221,656,0.1345089194176748,0.9661677260611031,0.9289556861453476,0.8747152619589977,0.8714069591527988,0.9810246679316889,0.8780487804878049,0.9798625918028903,0.02013740819710969,0.12195121951219512,0.8551671105556171,4136,85,80,576,165,0.9836356472573254,0.9430234169847247,0.9597809202869205,0.937888198757764,0.9782353608866897,0.9580617798222268,7,15,19
signal_unusable__B2__random_forest,signal_unusable,target_signal_unusable_binary,random_forest,Random forest,B2,B2,1,16,5,4877,15,18,3866,0.8030960810120787,0.9982086097566463,4221,656,0.1345089194176748,0.9694484314127537,0.9257010533858003,0.8840466926070039,0.9030206677265501,0.9792843691148776,0.8658536585365854,0.9855484482350154,0.0144515517649846,0.13414634146341464,0.866715851465742,4160,61,88,568,149,0.9863310480119728,0.9440259390175708,0.9639951571235403,0.9317319154275676,0.9841213218590659,0.9579266186433167,7,15,20
signal_unusable__B2+B3+B4__random_forest,signal_unusable,target_signal_unusable_binary,random_forest,Random forest,B2+B3+B4,B2+B3+B4,3,37,5,4877,15,18,3473,0.8638352108925196,1.0,4221,656,0.1345089194176748,0.9616567562025835,0.9430869028839542,0.8655643421998562,0.819047619047619,0.9869628198937711,0.9176829268292683,0.9684908789386402,0.03150912106135987,0.08231707317073171,0.8451421999671737,4088,133,54,602,187,0.9897675169448923,0.9410470754711077,0.9453210303729336,0.9580745341614907,0.9577777777777778,0.9579261559696343,7,15,21
signal_unusable__B2+B3+B4__linear_svm,signal_unusable,target_signal_unusable_binary,linear_svm,Linear support-vector machine,B2+B3+B4,B2+B3+B4,3,37,5,4877,15,18,3473,0.8328358711192798,0.9954515696721847,4221,656,0.1345089194176748,0.9706786959196227,0.9315617036767383,0.8895752895752895,0.9014084507042254,0.9811231713072204,0.8780487804878049,0.9850746268656716,0.014925373134328358,0.12195121951219512,0.8727735678214078,4158,63,80,576,143,0.9868716810835486,0.9536202547366849,0.9633441105266314,0.9335765075534896,0.9816112597724176,0.9575938836629536,7,15,22
signal_unusable__B1+B2__logistic_regression,signal_unusable,target_signal_unusable_binary,logistic_regression,Regularized logistic regression,B1+B2,B1+B2,2,31,5,4877,15,18,2121,0.8502483215703972,0.9930540824225533,4221,656,0.1345089194176748,0.9536600369079352,0.9326734865163151,0.839943342776204,0.7843915343915344,0.984712448434846,0.9039634146341463,0.9613835583984838,0.03861644160151623,0.09603658536585366,0.8158074549096423,4058,163,63,593,226,0.9808784908211554,0.9444152836753539,0.9449661723604292,0.9501826817683595,0.9593888002157097,0.9547857409920346,7,15,23
signal_unusable__B2+B3__extra_trees,signal_unusable,target_signal_unusable_binary,extra_trees,Extremely randomized trees,B2+B3,B2+B3,2,29,5,4877,15,18,3480,0.862835376682003,0.998585655037304,4221,656,0.1345089194176748,0.9577609185974985,0.9382612922611102,0.8530670470756063,0.8016085790884718,0.9859598160251755,0.9115853658536586,0.964937218668562,0.035062781331438045,0.08841463414634146,0.8308558750908797,4073,148,58,598,206,0.9905777442635832,0.94938522850147,0.9408069665152106,0.9540646693459992,0.9541274563579539,0.9540960628519766,7,15,24
signal_unusable__B1+B4__linear_svm,signal_unusable,target_signal_unusable_binary,linear_svm,Linear support-vector machine,B1+B4,B1+B4,2,23,5,4877,15,18,2555,0.8338896688053132,0.9969132113245959,4221,656,0.1345089194176748,0.9606315357801928,0.9289760908003536,0.8581979320531757,0.832378223495702,0.9820531227566404,0.885670731707317,0.9722814498933902,0.02771855010660981,0.11432926829268293,0.8359085777052404,4104,117,75,581,192,0.9819250871080138,0.9390409063704603,0.9502775471733097,0.9394619775054558,0.9671362645164562,0.953299121010956,7,15,25
signal_unusable__B2+B3+B4__extra_trees,signal_unusable,target_signal_unusable_binary,extra_trees,Extremely randomized trees,B2+B3+B4,B2+B3+B4,3,37,5,4877,15,18,3473,0.8582829953517276,0.9997622811148668,4221,656,0.1345089194176748,0.9538650809924134,0.9405168192140343,0.8432055749128919,0.7766367137355584,0.9875549048316252,0.9222560975609756,0.9587775408670931,0.0412224591329069,0.07774390243902439,0.8205355093854748,4047,174,51,605,225,0.989621072916486,0.9363742305798177,0.9332888409697497,0.9592496222931005,0.9450345065562457,0.9521420644246731,7,15,26
signal_unusable__B1+B2+B4__linear_svm,signal_unusable,target_signal_unusable_binary,linear_svm,Linear support-vector machine,B1+B2+B4,B1+B2+B4,3,39,5,4877,15,18,2121,0.8495506969548297,0.9932466734881485,4221,656,0.1345089194176748,0.9577609185974985,0.9311801546853422,0.8507246376811595,0.8107734806629834,0.9833855044546111,0.8948170731707317,0.9675432361999526,0.03245676380004738,0.10518292682926829,0.827557362419982,4084,137,69,587,206,0.9851995828060626,0.9519686432621288,0.9457010675264027,0.9406580493537016,0.9615228210644192,0.9510904352090603,7,15,27
signal_unusable__B1+B2+B3__linear_svm,signal_unusable,target_signal_unusable_binary,linear_svm,Linear support-vector machine,B1+B2+B3,B1+B2+B3,3,44,5,4877,15,18,1872,0.8506520482874143,0.9943849394711006,4221,656,0.1345089194176748,0.9616567562025835,0.9321433266304944,0.8621960206337509,0.8345221112696148,0.9829980842911877,0.8917682926829268,0.9725183605780621,0.027481639421937928,0.10823170731707317,0.8405782496558635,4105,116,71,585,187,0.9866741351315433,0.9504188417171665,0.9473162755091169,0.9374703852201584,0.9638227936682886,0.9506465894442235,7,15,28
signal_unusable__B1+B2+B3+B4__random_forest,signal_unusable,target_signal_unusable_binary,random_forest,Random forest,B1+B2+B3+B4,B1+B2+B3+B4,4,52,5,4877,15,18,1872,0.8321015572534385,1.0,4221,656,0.1345089194176748,0.9561205659216732,0.9308762517262699,0.8460431654676259,0.8010899182561307,0.983586772869901,0.8963414634146342,0.9654110400379057,0.03458895996209429,0.10365853658536585,0.8223120472051431,4075,146,68,588,214,0.9878662725859669,0.924417389523436,0.9379835594368465,0.9460508645291255,0.9536507936507935,0.9498508290899594,7,15,29
signal_unusable__B1+B2+B3__hist_gradient_boosting,signal_unusable,target_signal_unusable_binary,hist_gradient_boosting,Histogram gradient boosting,B1+B2+B3,B1+B2+B3,3,44,5,4877,15,18,1872,0.8119329455975881,0.9996423369245976,4221,656,0.1345089194176748,0.9591962271888456,0.9229969851670798,0.8520446096654275,0.8316400580551524,0.98018147086915,0.8734756097560976,0.9725183605780621,0.027481639421937928,0.12652439024390244,0.8287316323499534,4105,116,83,573,199,0.988627564847077,0.9504315912149468,0.9446882362789585,0.9355590062111802,0.9638347184012193,0.9496968623061997,7,15,30
signal_unusable__B1+B2__hist_gradient_boosting,signal_unusable,target_signal_unusable_binary,hist_gradient_boosting,Histogram gradient boosting,B1+B2,B1+B2,2,31,5,4877,15,18,2121,0.8234305412268745,0.9979745029032807,4221,656,0.1345089194176748,0.9522247283165881,0.921544462646119,0.8320115356885364,0.7893296853625171,0.9809454896285577,0.8795731707317073,0.9635157545605307,0.03648424543946932,0.12042682926829268,0.8058600805738648,4067,154,79,577,233,0.9824189519880273,0.9337625567115421,0.938924362658771,0.9386645962732919,0.9570786891135857,0.9478716426934388,7,15,31
signal_unusable__B2+B3__hist_gradient_boosting,signal_unusable,target_signal_unusable_binary,hist_gradient_boosting,Histogram gradient boosting,B2+B3,B2+B3,2,29,5,4877,15,18,3480,0.8165646100012633,0.9997206745268662,4221,656,0.1345089194176748,0.9548903014148041,0.9230843820964862,0.8398835516739447,0.8036211699164345,0.9810050492906949,0.8795731707317073,0.9665955934612651,0.033404406538734895,0.12042682926829268,0.8148166654284269,4080,141,79,577,220,0.9875741068178272,0.9496080287382948,0.937674450372439,0.9386645962732919,0.9558982104647114,0.9472814033690016,7,15,32
signal_unusable__B1+B2+B4__random_forest,signal_unusable,target_signal_unusable_binary,random_forest,Random forest,B1+B2+B4,B1+B2+B4,3,39,5,4877,15,18,2121,0.8162593853669172,1.0,4221,656,0.1345089194176748,0.9544802132458479,0.9228474714118142,0.8386627906976745,0.8013888888888889,0.9809959105123888,0.8795731707317073,0.9661217720919213,0.03387822790807866,0.12042682926829268,0.8134241625349838,4078,143,79,577,222,0.9856820716394797,0.9104654650892244,0.9365157154080729,0.9386645962732919,0.954739475500345,0.9467020358868184,7,15,33
signal_unusable__B1+B2+B3__random_forest,signal_unusable,target_signal_unusable_binary,random_forest,Random forest,B1+B2+B3,B1+B2+B3,3,44,5,4877,15,18,1872,0.8040450466783774,0.999635411678871,4221,656,0.1345089194176748,0.9550953454992823,0.9174091794222846,0.8383763837638376,0.8125894134477826,0.9789372905696505,0.8658536585365854,0.9689647003079839,0.03103529969201611,0.13414634146341464,0.8128843854014448,4090,131,88,568,219,0.987448067444427,0.9450502819850815,0.9385650799543329,0.9317319154275676,0.958742509214807,0.9452372123211873,7,15,34
signal_unusable__B1+B2__random_forest,signal_unusable,target_signal_unusable_binary,random_forest,Random forest,B1+B2,B1+B2,2,31,5,4877,15,18,2121,0.7912000067433608,0.999348141421226,4221,656,0.1345089194176748,0.9520196842321099,0.909838691270708,0.8269230769230769,0.8031609195402298,0.9767998086582157,0.8521341463414634,0.9675432361999526,0.03245676380004738,0.14786585365853658,0.7995724908817203,4084,137,97,559,234,0.9832010100484799,0.920767259599043,0.9375544561538037,0.9246894409937888,0.9598610317435666,0.9422752363686777,7,15,35
signal_unusable__B2+B4__hist_gradient_boosting,signal_unusable,target_signal_unusable_binary,hist_gradient_boosting,Histogram gradient boosting,B2+B4,B2+B4,2,24,5,4877,15,18,3855,0.819752103940532,0.9941478590514488,4221,656,0.1345089194176748,0.9499692433873282,0.9202414538804237,0.8254649499284692,0.7776280323450134,0.9808948004836759,0.8795731707317073,0.9609097370291401,0.03909026297085998,0.12042682926829268,0.7984519247511724,4056,165,79,577,244,0.9711284965994649,0.7844804870330958,0.9310008040638267,0.9354218702044789,0.9486776216714402,0.9420497459379595,7,15,36
signal_unusable__B1+B2+B4__hist_gradient_boosting,signal_unusable,target_signal_unusable_binary,hist_gradient_boosting,Histogram gradient boosting,B1+B2+B4,B1+B2+B4,3,39,5,4877,15,18,2121,0.827453447517494,0.9939884344570382,4221,656,0.1345089194176748,0.9497641993028502,0.9181917791992419,0.8241206030150754,0.7788331071913162,0.9801932367149758,0.875,0.9613835583984838,0.03861644160151623,0.125,0.7967666875783247,4058,163,82,574,245,0.9666690863337204,0.7385121827737922,0.930943683176256,0.933092677657895,0.9493125423063609,0.941202609982128,7,15,37
signal_unusable__B2+B3+B4__hist_gradient_boosting,signal_unusable,target_signal_unusable_binary,hist_gradient_boosting,Histogram gradient boosting,B2+B3+B4,B2+B3+B4,3,37,5,4877,15,18,3473,0.8159981717773966,0.9936774117610726,4221,656,0.1345089194176748,0.9499692433873282,0.916379015202732,0.823953823953824,0.7821917808219178,0.9795032553653243,0.8704268292682927,0.9623312011371713,0.037668798862828715,0.12957317073170732,0.7964343401090302,4062,159,85,571,244,0.9728879918063573,0.7581407888522619,0.931615512355643,0.9310928658754746,0.9499416806126071,0.9405172732440408,7,15,38
signal_unusable__B1+B2+B3+B4__hist_gradient_boosting,signal_unusable,target_signal_unusable_binary,hist_gradient_boosting,Histogram gradient boosting,B1+B2+B3+B4,B1+B2+B3+B4,4,52,5,4877,15,18,1872,0.8194851923504731,0.9899679372691667,4221,656,0.1345089194176748,0.9489440229649375,0.9125680395929758,0.8196958725561188,0.7806896551724138,0.9783236994219653,0.8628048780487805,0.9623312011371713,0.037668798862828715,0.13719512195121952,0.7913844220477065,4062,159,90,566,249,0.9699757238777078,0.7647297382965718,0.9310743868145175,0.927485362267971,0.9499416806126071,0.9387135214402891,7,15,39
signal_unusable__B3+B4__random_forest,signal_unusable,target_signal_unusable_binary,random_forest,Random forest,B3+B4,B3+B4,2,21,5,4877,15,18,3669,0.86261117333151,0.9786652771278354,4221,656,0.1345089194176748,0.9302850112774247,0.9256069752861708,0.7800776196636481,0.6775280898876405,0.9867067970905443,0.9192073170731707,0.9320066334991708,0.06799336650082918,0.08079268292682927,0.7519348391002197,3934,287,53,603,340,0.9658947928765004,0.7080065676765358,0.9091104241817841,0.9577504523156698,0.9186043917034332,0.9381774220095516,7,15,40
signal_unusable__B4__logistic_regression,signal_unusable,target_signal_unusable_binary,logistic_regression,Regularized logistic regression,B4,B4,1,8,5,4877,15,18,4667,0.8263585303797777,0.9822635540606061,4221,656,0.1345089194176748,0.9438179208529834,0.9076754366957316,0.8042857142857143,0.7567204301075269,0.9774981853375272,0.8582317073170732,0.95711916607439,0.04288083392561005,0.14176829268292682,0.7737220362400153,4040,181,93,563,274,0.9830809295566303,0.9289017384210854,0.9278674856881001,0.9210640656932217,0.9467497080576098,0.9339068868754158,7,15,41
signal_unusable__B1+B2+B3__extra_trees,signal_unusable,target_signal_unusable_binary,extra_trees,Extremely randomized trees,B1+B2+B3,B1+B2+B3,3,44,5,4877,15,18,1872,0.7523505169048393,0.9973257406538559,4221,656,0.1345089194176748,0.9399220832478983,0.8925499895990432,0.7875271936185642,0.7510373443983402,0.9727973038035629,0.8277439024390244,0.9573560767590619,0.042643923240938165,0.1722560975609756,0.7538451878510389,4041,180,113,543,293,0.974529212243082,0.8679690674852766,0.9203000949123453,0.911362805991962,0.946359277192379,0.9288610415921705,7,15,42
signal_unusable__B1+B2__linear_svm,signal_unusable,target_signal_unusable_binary,linear_svm,Linear support-vector machine,B1+B2,B1+B2,2,31,5,4877,15,18,2121,0.8060408601679915,0.980042970999177,4221,656,0.1345089194176748,0.9216731597293418,0.903894616638064,0.7513020833333334,0.6556818181818181,0.9802351763822867,0.8795731707317073,0.9282160625444208,0.07178393745557925,0.12042682926829268,0.7167195417080505,3918,303,79,577,382,0.9598725304950277,0.8620249977871252,0.9019126977486487,0.9360862199097494,0.9191753659784218,0.9276307929440856,7,15,43
signal_unusable__B3+B4__hist_gradient_boosting,signal_unusable,target_signal_unusable_binary,hist_gradient_boosting,Histogram gradient boosting,B3+B4,B3+B4,2,21,5,4877,15,18,3669,0.821078366416748,0.9818764897653999,4221,656,0.1345089194176748,0.8989132663522658,0.9152081852641554,0.7138711549622752,0.5763823805060918,0.989238845144357,0.9375,0.8929163705283109,0.10708362947168917,0.0625,0.6853474485970021,3769,452,41,615,493,0.9635041979417663,0.7392639414473356,0.880425814932155,0.9644296329078937,0.887848268167757,0.9261389505378254,7,15,44
signal_unusable__B1+B2+B4__extra_trees,signal_unusable,target_signal_unusable_binary,extra_trees,Extremely randomized trees,B1+B2+B4,B1+B2+B4,3,39,5,4877,15,18,2121,0.7642425111054988,0.99210880451178,4221,656,0.1345089194176748,0.9288497026860775,0.8925907989090551,0.7611837577426015,0.6938519447929736,0.9747549019607843,0.8429878048780488,0.9421937929400616,0.0578062070599384,0.15701219512195122,0.7245535123413896,3977,244,103,553,347,0.9766529215132236,0.8834703319525653,0.9055745061194611,0.9191514354557834,0.9287032810994472,0.9239273582776153,7,15,45
signal_unusable__B1+B2+B3+B4__extra_trees,signal_unusable,target_signal_unusable_binary,extra_trees,Extremely randomized trees,B1+B2+B3+B4,B1+B2+B3+B4,4,52,5,4877,15,18,1872,0.7546197244824957,0.992992361736475,4221,656,0.1345089194176748,0.9274143940947304,0.8911178717330883,0.757201646090535,0.6882793017456359,0.974478527607362,0.8414634146341463,0.9407723288320303,0.059227671167969675,0.15853658536585366,0.7200228214313569,3971,250,104,552,354,0.9763927170188546,0.8741646101446224,0.9039084923557658,0.9170013463491724,0.9277387291444799,0.9223700377468261,7,15,46
signal_unusable__B1+B2__extra_trees,signal_unusable,target_signal_unusable_binary,extra_trees,Extremely randomized trees,B1+B2,B1+B2,2,31,5,4877,15,18,2121,0.7015135042974755,0.9971044533390345,4221,656,0.1345089194176748,0.9372565101496821,0.8768477949971397,0.7729970326409495,0.7528901734104047,0.967741935483871,0.7942073170731707,0.9594882729211087,0.04051172707889126,0.20579268292682926,0.7369784545574537,4050,171,135,521,306,0.9672608213288956,0.8741652616986879,0.9184426661213776,0.8952961289917811,0.9491858302600982,0.9222409796259396,7,15,47
signal_unusable__B4__hist_gradient_boosting,signal_unusable,target_signal_unusable_binary,hist_gradient_boosting,Histogram gradient boosting,B4,B4,1,8,5,4877,15,18,4667,0.8122516693271399,0.9668630557938607,4221,656,0.1345089194176748,0.8950174287471806,0.9071638757432351,0.703016241299304,0.5674157303370787,0.9868731950643214,0.9237804878048781,0.8905472636815921,0.10945273631840796,0.07621951219512195,0.6718428791733777,3759,462,50,606,512,0.9453243726200588,0.6621258305153035,0.877359432039139,0.9532950544459496,0.886303352290416,0.9197992033681828,7,15,48
signal_unusable__B3+B4__extra_trees,signal_unusable,target_signal_unusable_binary,extra_trees,Extremely randomized trees,B3+B4,B3+B4,2,21,5,4877,15,18,3669,0.8110324399146994,0.9917866426139784,4221,656,0.1345089194176748,0.8872257535370105,0.9110311898694681,0.6923937360178971,0.5468197879858657,0.9901201602136182,0.9435975609756098,0.8784648187633263,0.12153518123667377,0.056402439024390245,0.6643780035444948,3708,513,37,619,550,0.9643407887970137,0.7773926816869194,0.8614797884138229,0.9691846702716268,0.8694870650024142,0.9193358676370205,7,15,49
signal_unusable__B4__random_forest,signal_unusable,target_signal_unusable_binary,random_forest,Random forest,B4,B4,1,8,5,4877,15,18,4667,0.8089934050091565,0.9656309926034152,4221,656,0.1345089194176748,0.8880459298749231,0.8941240371891992,0.684393063583815,0.5512104283054003,0.9831711806468577,0.9024390243902439,0.8858090499881545,0.11419095001184554,0.0975609756097561,0.6490187009939296,3739,482,64,592,546,0.9376347068374735,0.554358432416048,0.8674408997921322,0.9464916672077797,0.8783244586439475,0.9124080629258635,7,15,50
signal_unusable__B1+B3__hist_gradient_boosting,signal_unusable,target_signal_unusable_binary,hist_gradient_boosting,Histogram gradient boosting,B1+B3,B1+B3,2,28,5,4877,15,18,1872,0.7608375786398943,0.9740179701557525,4221,656,0.1345089194176748,0.9038343243797416,0.8832891653809929,0.7052168447517285,0.6,0.9759005580923389,0.8551829268292683,0.9113954039327173,0.08860459606728263,0.1448170731707317,0.6644342619908468,3847,374,95,561,469,0.950451899908125,0.7316065670108649,0.8855992500316326,0.8994904876494679,0.9068948942621788,0.9031926909558234,7,15,51
signal_unusable__B4__extra_trees,signal_unusable,target_signal_unusable_binary,extra_trees,Extremely randomized trees,B4,B4,1,8,5,4877,15,18,4667,0.7784183852830467,0.9673047243271117,4221,656,0.1345089194176748,0.8812794750871438,0.8779839550794228,0.6643478260869565,0.5360149672591207,0.978203781512605,0.8734756097560976,0.8824923004027482,0.11750769959725184,0.12652439024390244,0.6234844608115411,3725,496,83,573,579,0.9582204757282115,0.8066714231724638,0.8586135257052426,0.9317401144127487,0.8738800141995031,0.9028100643061259,7,15,52
signal_unusable__B1+B4__extra_trees,signal_unusable,target_signal_unusable_binary,extra_trees,Extremely randomized trees,B1+B4,B1+B4,2,23,5,4877,15,18,2555,0.7155292453521399,0.995453343963825,4221,656,0.1345089194176748,0.8882509739594012,0.8659179422284629,0.667885435709933,0.5563451776649746,0.9722507708119219,0.8353658536585366,0.896470030798389,0.10352996920161099,0.16463414634146342,0.6219690373916832,3784,437,108,548,545,0.9556700744246248,0.7928441118237888,0.86341210836602,0.9138957562870607,0.8881138026597739,0.9010047794734173,7,15,53
signal_unusable__B1+B3+B4__extra_trees,signal_unusable,target_signal_unusable_binary,extra_trees,Extremely randomized trees,B1+B3+B4,B1+B3+B4,3,36,5,4877,15,18,1872,0.706062485275344,0.9919792001748083,4221,656,0.1345089194176748,0.8892761943817921,0.8645789996012967,0.6687116564417178,0.5595482546201233,0.9715603382013835,0.8307926829268293,0.898365316275764,0.10163468372423597,0.16920731707317074,0.6223038477311824,3792,429,111,545,540,0.9528047552597062,0.7214643155460353,0.8621963368887539,0.9117312541225584,0.8872739710321319,0.8995026125773451,7,15,54
signal_unusable__B1+B3__logistic_regression,signal_unusable,target_signal_unusable_binary,logistic_regression,Regularized logistic regression,B1+B3,B1+B3,2,28,5,4877,15,18,1872,0.8200127511993403,0.9747265174761773,4221,656,0.1345089194176748,0.9487389788804593,0.9092308853525636,0.8177842565597667,0.7835195530726257,0.9771689497716894,0.8551829268292683,0.9632788438758588,0.0367211561241412,0.1448170731707317,0.7890465505868397,4066,155,95,561,250,0.986311907362144,0.9398312734029123,0.940618941580568,0.8265982592585183,0.9624562268235567,0.8945272430410375,7,15,55
signal_unusable__B1+B3+B4__random_forest,signal_unusable,target_signal_unusable_binary,random_forest,Random forest,B1+B3+B4,B1+B3+B4,3,36,5,4877,15,18,1872,0.7151164826999746,0.9739169794049587,4221,656,0.1345089194176748,0.8806643428337092,0.8505915183085733,0.6459854014598541,0.5374493927125507,0.9678580611982515,0.8094512195121951,0.8917318171049514,0.10826818289504857,0.19054878048780488,0.595241980171472,3764,457,125,531,582,0.9480723198756508,0.7260850667675108,0.8575846887896259,0.9034980067588763,0.8826045945534763,0.8930513006561762,7,15,56
signal_unusable__B1+B4__hist_gradient_boosting,signal_unusable,target_signal_unusable_binary,hist_gradient_boosting,Histogram gradient boosting,B1+B4,B1+B4,2,23,5,4877,15,18,2555,0.707200326605989,0.9633954952742203,4221,656,0.1345089194176748,0.8773836374820586,0.8467650134923524,0.6384522370012092,0.5290581162324649,0.9670018045888116,0.8048780487804879,0.888651978204217,0.11134802179578299,0.1951219512195122,0.5865427949205501,3751,470,128,528,598,0.9512856016086814,0.7423769863451959,0.8593413629356064,0.8937297787042032,0.8842753325133306,0.8890025556087668,7,15,57
signal_unusable__B3+B4__logistic_regression,signal_unusable,target_signal_unusable_binary,logistic_regression,Regularized logistic regression,B3+B4,B3+B4,2,21,5,4877,15,18,3669,0.821289550536169,0.9920462711722013,4221,656,0.1345089194176748,0.9632971088784088,0.921503653336107,0.8636709824828637,0.863013698630137,0.978909952606635,0.864329268292683,0.9786780383795309,0.021321961620469083,0.13567073170731708,0.8424653047174985,4131,90,89,567,179,0.9856399983242903,0.9422295007065421,0.9509111207788806,0.806260637782377,0.9717011732229124,0.8889809055026447,7,15,58
signal_unusable__B1__logistic_regression,signal_unusable,target_signal_unusable_binary,logistic_regression,Regularized logistic regression,B1,B1,1,15,5,4877,15,18,2555,0.8064151824109067,0.9675094137715929,4221,656,0.1345089194176748,0.9261841295878613,0.8942695783567643,0.7560975609756098,0.6804878048780488,0.9758442198668967,0.850609756097561,0.9379294006159677,0.06207059938403222,0.14939024390243902,0.7194049633665743,3959,262,98,558,360,0.9455665198976084,0.7955796766537183,0.918683040293575,0.8670468103848188,0.9100992311132732,0.888573020749046,7,15,59
signal_unusable__B1+B3+B4__hist_gradient_boosting,signal_unusable,target_signal_unusable_binary,hist_gradient_boosting,Histogram gradient boosting,B1+B3+B4,B1+B3+B4,3,36,5,4877,15,18,1872,0.6795789545893152,0.9736986616657044,4221,656,0.1345089194176748,0.8779987697354932,0.8361768032659005,0.6320346320346321,0.5317377731529657,0.9629724208375894,0.7789634146341463,0.8933901918976546,0.10660980810234541,0.22103658536585366,0.576732332297745,3771,450,145,511,595,0.9529511992881122,0.706002081428982,0.8579631258364248,0.884178362439232,0.8882742532582789,0.8862263078487554,7,15,60
signal_unusable__B1__linear_svm,signal_unusable,target_signal_unusable_binary,linear_svm,Linear support-vector machine,B1,B1,1,15,5,4877,15,18,2555,0.8005003625133843,0.9633211349057142,4221,656,0.1345089194176748,0.9315152757842936,0.8883370603428848,0.7651195499296765,0.7101827676240209,0.9727560204329847,0.8292682926829268,0.9474058280028429,0.052594171997157074,0.17073170731707318,0.7282999949858439,3999,222,112,544,334,0.9501714713309181,0.8428203103954064,0.9232695075367219,0.8493399380145522,0.9183677302574603,0.8838538341360063,7,15,61
signal_unusable__B4__linear_svm,signal_unusable,target_signal_unusable_binary,linear_svm,Linear support-vector machine,B4,B4,1,8,5,4877,15,18,4667,0.7763212044277471,0.9642927293783142,4221,656,0.1345089194176748,0.9272093500102522,0.8742621821207551,0.7476901208244492,0.7003994673768309,0.9684924866698982,0.801829268292683,0.9466950959488273,0.053304904051172705,0.19817073170731708,0.707588810432365,3996,225,130,526,355,0.9631266215380704,0.8556545554629067,0.9080232160823396,0.8270491238521929,0.9344111413866182,0.8807301326194055,7,15,62
signal_unusable__B3__linear_svm,signal_unusable,target_signal_unusable_binary,linear_svm,Linear support-vector machine,B3,B3,1,13,5,4877,15,18,3739,0.7913268924177878,0.9629152829101163,4221,656,0.1345089194176748,0.8948123846627025,0.883870788334749,0.6896551724137931,0.571715145436309,0.9778350515463917,0.8689024390243902,0.8988391376451078,0.1011608623548922,0.13109756097560976,0.6495479464139132,3794,427,86,570,513,0.9429007329785452,0.8229260106579701,0.8813221925487641,0.8469996718532319,0.8985633342867493,0.8727815030699906,7,15,63
signal_unusable__B1+B3__linear_svm,signal_unusable,target_signal_unusable_binary,linear_svm,Linear support-vector machine,B1+B3,B1+B3,2,28,5,4877,15,18,1872,0.8091470120788797,0.9750389273339383,4221,656,0.1345089194176748,0.9479188025425467,0.9074695844239893,0.814868804664723,0.7807262569832403,0.9766882960826724,0.8521341463414634,0.962805022506515,0.03719497749348496,0.14786585365853658,0.7856505497668145,4064,157,97,559,254,0.980904854357712,0.9304239024237623,0.9356131129753755,0.7819719407830951,0.9585798181846243,0.8702758794838596,7,15,64
signal_unusable__B3__random_forest,signal_unusable,target_signal_unusable_binary,random_forest,Random forest,B3,B3,1,13,5,4877,15,18,3739,0.8230337004561632,0.9680320653113459,4221,656,0.1345089194176748,0.909370514660652,0.9019372143348299,0.7258064516129032,0.6119246861924686,0.9818923743942872,0.8917682926829268,0.912106135986733,0.087893864013267,0.10823170731707317,0.6909083516020595,3850,371,71,585,442,0.9593918473832925,0.7547033009454002,0.8892134524219384,0.832170459274246,0.9037735128258558,0.867971986050051,7,15,65
signal_unusable__B3+B4__linear_svm,signal_unusable,target_signal_unusable_binary,linear_svm,Linear support-vector machine,B3+B4,B3+B4,2,21,5,4877,15,18,3669,0.7437255285951924,0.9933350034902141,4221,656,0.1345089194176748,0.9499692433873282,0.888698204679275,0.8123076923076923,0.8198757763975155,0.9697613985353177,0.8048780487804879,0.9725183605780621,0.027481639421937928,0.1951219512195122,0.7834928873249671,4105,116,128,528,244,0.9598860734076424,0.8989961551584177,0.9335949969437257,0.7657685212033039,0.9634472049689441,0.864607863086124,7,15,66
signal_unusable__B3__extra_trees,signal_unusable,target_signal_unusable_binary,extra_trees,Extremely randomized trees,B3,B3,1,13,5,4877,15,18,3739,0.8203303220010748,0.9702352760905204,4221,656,0.1345089194176748,0.8933770760713553,0.9075037125637782,0.7004608294930875,0.562962962962963,0.9873584408743745,0.926829268292683,0.8881781568348732,0.11182184316512675,0.07317073170731707,0.6697133941725001,3749,472,48,608,520,0.9619061342532402,0.7169395536812807,0.8719972322330748,0.8380671455706519,0.883322598846521,0.8606948722085864,7,15,67
signal_unusable__B1+B4__random_forest,signal_unusable,target_signal_unusable_binary,random_forest,Random forest,B1+B4,B1+B4,2,23,5,4877,15,18,2555,0.5889793737479697,0.9696130263867825,4221,656,0.1345089194176748,0.8599548903014148,0.7909907850411126,0.5723231058234189,0.485653560042508,0.9494410569105691,0.6966463414634146,0.8853352286188108,0.11466477138118929,0.30335365853658536,0.5032067649671218,3737,484,199,457,683,0.9328713936126569,0.6394943424120199,0.8371275196409234,0.843136833482102,0.8781885395327865,0.8606626865074443,7,15,68
signal_unusable__B1+B3__random_forest,signal_unusable,target_signal_unusable_binary,random_forest,Random forest,B1+B3,B1+B3,2,28,5,4877,15,18,1872,0.6628276117507629,0.9746813641945474,4221,656,0.1345089194176748,0.8812794750871438,0.8342096500655838,0.6356198867212083,0.5412647374062165,0.9617139959432048,0.7698170731707317,0.8986022269604359,0.10139777303956408,0.2301829268292683,0.5798281581005543,3793,428,151,505,579,0.9340543218865025,0.6583813785803754,0.8557379243048092,0.831004958108745,0.8891584479325833,0.8600817030206641,7,15,69
signal_unusable__B3__hist_gradient_boosting,signal_unusable,target_signal_unusable_binary,hist_gradient_boosting,Histogram gradient boosting,B3,B3,1,13,5,4877,15,18,3739,0.8086716042484912,0.9653373633904933,4221,656,0.1345089194176748,0.9108058232519992,0.8989039630534899,0.7269303201506592,0.6179295624332978,0.9804568527918782,0.8826219512195121,0.9151859748874674,0.08481402511253258,0.1173780487804878,0.690939523360321,3863,358,77,579,435,0.9587901809188667,0.7108551240300487,0.8905672082287783,0.8037186632908934,0.9076353386937467,0.85567700099232,7,15,70
signal_unusable__B3__logistic_regression,signal_unusable,target_signal_unusable_binary,logistic_regression,Regularized logistic regression,B3,B3,1,13,5,4877,15,18,3739,0.7617287569348736,0.9546761776692391,4221,656,0.1345089194176748,0.8909165470576174,0.8726077799157522,0.6763990267639902,0.562753036437247,0.9742864489586012,0.8475609756097561,0.8976545842217484,0.1023454157782516,0.1524390243902439,0.6326216726930007,3789,432,100,556,532,0.9493020163410588,0.8359808885911413,0.877393849671724,0.7819396949646105,0.8983132644355121,0.8401264797000613,7,15,71
signal_unusable__B1+B3__extra_trees,signal_unusable,target_signal_unusable_binary,extra_trees,Extremely randomized trees,B1+B3,B1+B3,2,28,5,4877,15,18,1872,0.6176990001626077,0.9711433178142682,4221,656,0.1345089194176748,0.875333196637277,0.8198308688843818,0.6161616161616161,0.5258620689655172,0.9574575841985312,0.7439024390243902,0.8957592987443733,0.10424070125562662,0.25609756097560976,0.5560225618090613,3781,440,168,488,608,0.9311801546853422,0.5755540202954509,0.8473409091065681,0.7317578206428136,0.8866737792668912,0.8092157999548524,7,15,72
signal_unusable__B1__hist_gradient_boosting,signal_unusable,target_signal_unusable_binary,hist_gradient_boosting,Histogram gradient boosting,B1,B1,1,15,5,4877,15,18,2555,0.612609801952496,0.8469060842549803,4221,656,0.1345089194176748,0.7721960221447611,0.7396481587417153,0.45081562036579337,0.3335771762984638,0.9430199430199431,0.6951219512195121,0.7841743662639185,0.2158256337360815,0.3048780487804878,0.3641043541566586,3310,911,200,456,1111,0.8176062197722189,0.32253343543809754,0.7561197800830083,0.7897016823920545,0.764980896544427,0.7773412894682408,7,15,73
signal_unusable__B1__extra_trees,signal_unusable,target_signal_unusable_binary,extra_trees,Extremely randomized trees,B1,B1,1,15,5,4877,15,18,2555,0.5407174010379843,0.8592320742878302,4221,656,0.1345089194176748,0.7863440639737543,0.7227157259578992,0.4445628997867804,0.3418032786885246,0.9346458846048674,0.635670731707317,0.8097607202084814,0.19023927979151858,0.3643292682926829,0.3509118866420504,3418,803,239,417,1042,0.8229163055223303,0.3594223092788231,0.7701975554830839,0.7429310402497434,0.787267474142303,0.7650992571960232,7,15,74
signal_unusable__B1__random_forest,signal_unusable,target_signal_unusable_binary,random_forest,Random forest,B1,B1,1,15,5,4877,15,18,2555,0.526912283730774,0.78244386228322,4221,656,0.1345089194176748,0.7828583145376256,0.6634091447524284,0.3825072886297376,0.3097261567516525,0.9140911471974856,0.5,0.8268182895048567,0.17318171049514333,0.5,0.27045810847198853,3490,731,328,328,1059,0.7987535825518168,0.31635971438288324,0.7643236607717964,0.6307279154177099,0.7895983550748998,0.7101631352463049,7,15,75
